ID,Name,Sex,Age,Height,Weight,Team,NOC,Games,Year,Season,City,Sport,Event,Medal
1700000,Kiran Badloe,M,NA,NA,NA,NED,NED,2020 Summer,2020,Summer,Tokyo,Sailing,"Sailing Windsurfer (Neil Pryde RS:X), Men",Gold
1700001,Thomas Goyard,M,NA,NA,NA,FRA,FRA,2020 Summer,2020,Summer,Tokyo,Sailing,"Sailing Windsurfer (Neil Pryde RS:X), Men",Silver
1700002,Bi Kun,M,NA,NA,NA,CHN,CHN,2020 Summer,2020,Summer,Tokyo,Sailing,"Sailing Windsurfer (Neil Pryde RS:X), Men",Bronze
1700003,Yoav Cohen,M,NA,NA,NA,ISR,ISR,2020 Summer,2020,Summer,Tokyo,Sailing,"Sailing Windsurfer (Neil Pryde RS:X), Men",NA
1700004,Mattia Camboni,M,NA,NA,NA,ITA,ITA,2020 Summer,2020,Summer,Tokyo,Sailing,"Sailing Windsurfer (Neil Pryde RS:X), Men",NA
1700005,Piotr Myszka,M,NA,NA,NA,POL,POL,2020 Summer,2020,Summer,Tokyo,Sailing,"Sailing Windsurfer (Neil Pryde RS:X), Men",NA
1700006,Tom Squires,M,NA,NA,NA,GBR,GBR,2020 Summer,2020,Summer,Tokyo,Sailing,"Sailing Windsurfer (Neil Pryde RS:X), Men",NA
1700007,Mateo Sanz Lanz,M,NA,NA,NA,SUI,SUI,2020 Summer,2020,Summer,Tokyo,Sailing,"Sailing Windsurfer (Neil Pryde RS:X), Men",NA
1700008,Pedro Pascual,M,NA,NA,NA,USA,USA,2020 Summer,2020,Summer,Tokyo,Sailing,"Sailing Windsurfer (Neil Pryde RS:X), Men",NA
1700009,Ángel Granda,M,NA,NA,NA,ESP,ESP,2020 Summer,2020,Summer,Tokyo,Sailing,"Sailing Windsurfer (Neil Pryde RS:X), Men",NA
1700010,Vyron Kokkalanis,M,NA,NA,NA,GRE,GRE,2020 Summer,2020,Summer,Tokyo,Sailing,"Sailing Windsurfer (Neil Pryde RS:X), Men",NA
1700011,Andreas Kariolou,M,NA,NA,NA,CYP,CYP,2020 Summer,2020,Summer,Tokyo,Sailing,"Sailing Windsurfer (Neil Pryde RS:X), Men",NA
1700012,Michael Cheng,M,NA,NA,NA,HKG,HKG,2020 Summer,2020,Summer,Tokyo,Sailing,"Sailing Windsurfer (Neil Pryde RS:X), Men",NA
1700013,Endre Funnemark,M,NA,NA,NA,NOR,NOR,2020 Summer,2020,Summer,Tokyo,Sailing,"Sailing Windsurfer (Neil Pryde RS:X), Men",NA
1700014,Juozas Bernotas,M,NA,NA,NA,LTU,LTU,2020 Summer,2020,Summer,Tokyo,Sailing,"Sailing Windsurfer (Neil Pryde RS:X), Men",NA
1700015,Makoto Tomizawa,M,NA,NA,NA,JPN,JPN,2020 Summer,2020,Summer,Tokyo,Sailing,"Sailing Windsurfer (Neil Pryde RS:X), Men",NA
1700016,Cho Won-U,M,NA,NA,NA,KOR,KOR,2020 Summer,2020,Summer,Tokyo,Sailing,"Sailing Windsurfer (Neil Pryde RS:X), Men",NA
1700017,Mikita Tsirkun,M,NA,NA,NA,BLR,BLR,2020 Summer,2020,Summer,Tokyo,Sailing,"Sailing Windsurfer (Neil Pryde RS:X), Men",NA
1700018,Aleksandr Askerov,M,NA,NA,NA,ROC,ROC,2020 Summer,2020,Summer,Tokyo,Sailing,"Sailing Windsurfer (Neil Pryde RS:X), Men",NA
1700019,Onur Biriz,M,NA,NA,NA,TUR,TUR,2020 Summer,2020,Summer,Tokyo,Sailing,"Sailing Windsurfer (Neil Pryde RS:X), Men",NA
1700020,Francisco Saubidet,M,NA,NA,NA,ARG,ARG,2020 Summer,2020,Summer,Tokyo,Sailing,"Sailing Windsurfer (Neil Pryde RS:X), Men",NA
1700021,Karel Lavický,M,NA,NA,NA,CZE,CZE,2020 Summer,2020,Summer,Tokyo,Sailing,"Sailing Windsurfer (Neil Pryde RS:X), Men",NA
1700022,Ignacio Berenguer,M,NA,NA,NA,MEX,MEX,2020 Summer,2020,Summer,Tokyo,Sailing,"Sailing Windsurfer (Neil Pryde RS:X), Men",NA
1700023,Natthaphong Phonoppharat,M,NA,NA,NA,THA,THA,2020 Summer,2020,Summer,Tokyo,Sailing,"Sailing Windsurfer (Neil Pryde RS:X), Men",NA
1700024,Hamza Bouras,M,NA,NA,NA,ALG,ALG,2020 Summer,2020,Summer,Tokyo,Sailing,"Sailing Windsurfer (Neil Pryde RS:X), Men",NA
1700025,Matt Wearn,M,NA,NA,NA,AUS,AUS,2020 Summer,2020,Summer,Tokyo,Sailing,"Sailing One-Person Dinghy (Laser), Men",Gold
1700026,Tonči Stipanović,M,NA,NA,NA,CRO,CRO,2020 Summer,2020,Summer,Tokyo,Sailing,"Sailing One-Person Dinghy (Laser), Men",Silver
1700027,Hermann Tomasgaard,M,NA,NA,NA,NOR,NOR,2020 Summer,2020,Summer,Tokyo,Sailing,"Sailing One-Person Dinghy (Laser), Men",Bronze
1700028,Pavlos Kontides,M,NA,NA,NA,CYP,CYP,2020 Summer,2020,Summer,Tokyo,Sailing,"Sailing One-Person Dinghy (Laser), Men",NA
1700029,Philipp Buhl,M,NA,NA,NA,GER,GER,2020 Summer,2020,Summer,Tokyo,Sailing,"Sailing One-Person Dinghy (Laser), Men",NA
1700030,Jean-Baptiste Bernaz,M,NA,NA,NA,FRA,FRA,2020 Summer,2020,Summer,Tokyo,Sailing,"Sailing One-Person Dinghy (Laser), Men",NA
1700031,Ha Ji-Min,M,NA,NA,NA,KOR,KOR,2020 Summer,2020,Summer,Tokyo,Sailing,"Sailing One-Person Dinghy (Laser), Men",NA
1700032,Robert Scheidt,M,NA,NA,NA,BRA,BRA,2020 Summer,2020,Summer,Tokyo,Sailing,"Sailing One-Person Dinghy (Laser), Men",NA
1700033,Kaarle Tapper,M,NA,NA,NA,FIN,FIN,2020 Summer,2020,Summer,Tokyo,Sailing,"Sailing One-Person Dinghy (Laser), Men",NA
1700034,Sam Meech,M,NA,NA,NA,NZL,NZL,2020 Summer,2020,Summer,Tokyo,Sailing,"Sailing One-Person Dinghy (Laser), Men",NA
1700035,Sergey Komissarov,M,NA,NA,NA,ROC,ROC,2020 Summer,2020,Summer,Tokyo,Sailing,"Sailing One-Person Dinghy (Laser), Men",NA
1700036,Elliot Hanson,M,NA,NA,NA,GBR,GBR,2020 Summer,2020,Summer,Tokyo,Sailing,"Sailing One-Person Dinghy (Laser), Men",NA
1700037,Charlie Buckingham,M,NA,NA,NA,USA,USA,2020 Summer,2020,Summer,Tokyo,Sailing,"Sailing One-Person Dinghy (Laser), Men",NA
1700038,Jesper Stålheim,M,NA,NA,NA,SWE,SWE,2020 Summer,2020,Summer,Tokyo,Sailing,"Sailing One-Person Dinghy (Laser), Men",NA
1700039,Karl-Martin Rammo,M,NA,NA,NA,EST,EST,2020 Summer,2020,Summer,Tokyo,Sailing,"Sailing One-Person Dinghy (Laser), Men",NA
1700040,Joel Rodríguez,M,NA,NA,NA,ESP,ESP,2020 Summer,2020,Summer,Tokyo,Sailing,"Sailing One-Person Dinghy (Laser), Men",NA
1700041,Milivoj Dukić,M,NA,NA,NA,MNE,MNE,2020 Summer,2020,Summer,Tokyo,Sailing,"Sailing One-Person Dinghy (Laser), Men",NA
1700042,Benjamin Vadnai,M,NA,NA,NA,HUN,HUN,2020 Summer,2020,Summer,Tokyo,Sailing,"Sailing One-Person Dinghy (Laser), Men",NA
1700043,Juan Ignacio Maegli,M,NA,NA,NA,GUA,GUA,2020 Summer,2020,Summer,Tokyo,Sailing,"Sailing One-Person Dinghy (Laser), Men",NA
1700044,Vishnu Saravanan,M,NA,NA,NA,IND,IND,2020 Summer,2020,Summer,Tokyo,Sailing,"Sailing One-Person Dinghy (Laser), Men",NA
1700045,Ryan Lo,M,NA,NA,NA,SGP,SGP,2020 Summer,2020,Summer,Tokyo,Sailing,"Sailing One-Person Dinghy (Laser), Men",NA
1700046,Clemente Seguel,M,NA,NA,NA,CHI,CHI,2020 Summer,2020,Summer,Tokyo,Sailing,"Sailing One-Person Dinghy (Laser), Men",NA
1700047,Enrique Arathoon,M,NA,NA,NA,ESA,ESA,2020 Summer,2020,Summer,Tokyo,Sailing,"Sailing One-Person Dinghy (Laser), Men",NA
1700048,Francisco Guaragna,M,NA,NA,NA,ARG,ARG,2020 Summer,2020,Summer,Tokyo,Sailing,"Sailing One-Person Dinghy (Laser), Men",NA
1700049,Stefano Peschiera,M,NA,NA,NA,PER,PER,2020 Summer,2020,Summer,Tokyo,Sailing,"Sailing One-Person Dinghy (Laser), Men",NA
1700050,Žan-Luka Zelko,M,NA,NA,NA,SLO,SLO,2020 Summer,2020,Summer,Tokyo,Sailing,"Sailing One-Person Dinghy (Laser), Men",NA
1700051,Wannes Van Laer,M,NA,NA,NA,BEL,BEL,2020 Summer,2020,Summer,Tokyo,Sailing,"Sailing One-Person Dinghy (Laser), Men",NA
1700052,Khairulnizam Mohd Afendy,M,NA,NA,NA,MAS,MAS,2020 Summer,2020,Summer,Tokyo,Sailing,"Sailing One-Person Dinghy (Laser), Men",NA
1700053,Andrew Lewis,M,NA,NA,NA,TTO,TTO,2020 Summer,2020,Summer,Tokyo,Sailing,"Sailing One-Person Dinghy (Laser), Men",NA
1700054,Kenji Nanri,M,NA,NA,NA,JPN,JPN,2020 Summer,2020,Summer,Tokyo,Sailing,"Sailing One-Person Dinghy (Laser), Men",NA
1700055,Luc Chevrier,M,NA,NA,NA,LCA,LCA,2020 Summer,2020,Summer,Tokyo,Sailing,"Sailing One-Person Dinghy (Laser), Men",NA
1700056,Eroni Leilua,M,NA,NA,NA,SAM,SAM,2020 Summer,2020,Summer,Tokyo,Sailing,"Sailing One-Person Dinghy (Laser), Men",NA
1700057,Rodney Govinden,M,NA,NA,NA,SEY,SEY,2020 Summer,2020,Summer,Tokyo,Sailing,"Sailing One-Person Dinghy (Laser), Men",NA
1700058,Aly Nabil,M,NA,NA,NA,EGY,EGY,2020 Summer,2020,Summer,Tokyo,Sailing,"Sailing One-Person Dinghy (Laser), Men",NA
1700059,Teariki Numa,M,NA,NA,NA,PNG,PNG,2020 Summer,2020,Summer,Tokyo,Sailing,"Sailing One-Person Dinghy (Laser), Men",NA
1700060,Mathew Belcher,M,NA,NA,NA,,,2020 Summer,2020,Summer,Tokyo,Sailing,"Sailing Two-Person Dinghy (470), Men",NA
1700061,Will Ryan,M,NA,NA,NA,,,2020 Summer,2020,Summer,Tokyo,Sailing,"Sailing Two-Person Dinghy (470), Men",NA
1700062,Anton Dahlberg,M,NA,NA,NA,,,2020 Summer,2020,Summer,Tokyo,Sailing,"Sailing Two-Person Dinghy (470), Men",NA
1700063,Fredrik Bergström,M,NA,NA,NA,,,2020 Summer,2020,Summer,Tokyo,Sailing,"Sailing Two-Person Dinghy (470), Men",NA
1700064,Jordi Xammar,M,NA,NA,NA,,,2020 Summer,2020,Summer,Tokyo,Sailing,"Sailing Two-Person Dinghy (470), Men",NA
1700065,Nicolás Rodríguez,M,NA,NA,NA,,,2020 Summer,2020,Summer,Tokyo,Sailing,"Sailing Two-Person Dinghy (470), Men",NA
1700066,Paul Snow-Hansen,M,NA,NA,NA,,,2020 Summer,2020,Summer,Tokyo,Sailing,"Sailing Two-Person Dinghy (470), Men",NA
1700067,Dan Willcox,M,NA,NA,NA,,,2020 Summer,2020,Summer,Tokyo,Sailing,"Sailing Two-Person Dinghy (470), Men",NA
1700068,Luke Patience,M,NA,NA,NA,,,2020 Summer,2020,Summer,Tokyo,Sailing,"Sailing Two-Person Dinghy (470), Men",NA
1700069,Chris Grube,M,NA,NA,NA,,,2020 Summer,2020,Summer,Tokyo,Sailing,"Sailing Two-Person Dinghy (470), Men",NA
1700070,Giacomo Ferrari,M,NA,NA,NA,,,2020 Summer,2020,Summer,Tokyo,Sailing,"Sailing Two-Person Dinghy (470), Men",NA
1700071,Giulio Calabrò,M,NA,NA,NA,,,2020 Summer,2020,Summer,Tokyo,Sailing,"Sailing Two-Person Dinghy (470), Men",NA
1700072,Keiju Okada,M,NA,NA,NA,,,2020 Summer,2020,Summer,Tokyo,Sailing,"Sailing Two-Person Dinghy (470), Men",NA
1700073,Jumpei Hokazono,M,NA,NA,NA,,,2020 Summer,2020,Summer,Tokyo,Sailing,"Sailing Two-Person Dinghy (470), Men",NA
1700074,Panagiotis Mantis,M,NA,NA,NA,,,2020 Summer,2020,Summer,Tokyo,Sailing,"Sailing Two-Person Dinghy (470), Men",NA
1700075,Pavlos Kagialis,M,NA,NA,NA,,,2020 Summer,2020,Summer,Tokyo,Sailing,"Sailing Two-Person Dinghy (470), Men",NA
1700076,Stu McNay,M,NA,NA,NA,,,2020 Summer,2020,Summer,Tokyo,Sailing,"Sailing Two-Person Dinghy (470), Men",NA
1700077,Dave Hughes,M,NA,NA,NA,,,2020 Summer,2020,Summer,Tokyo,Sailing,"Sailing Two-Person Dinghy (470), Men",NA
1700078,Deniz Çınar,M,NA,NA,NA,,,2020 Summer,2020,Summer,Tokyo,Sailing,"Sailing Two-Person Dinghy (470), Men",NA
1700079,Ateş Çınar,M,NA,NA,NA,,,2020 Summer,2020,Summer,Tokyo,Sailing,"Sailing Two-Person Dinghy (470), Men",NA
1700080,Kévin Peponnet,M,NA,NA,NA,,,2020 Summer,2020,Summer,Tokyo,Sailing,"Sailing Two-Person Dinghy (470), Men",NA
1700081,Jérémie Mion,M,NA,NA,NA,,,2020 Summer,2020,Summer,Tokyo,Sailing,"Sailing Two-Person Dinghy (470), Men",NA
1700082,Pavel Sozykin,M,NA,NA,NA,,,2020 Summer,2020,Summer,Tokyo,Sailing,"Sailing Two-Person Dinghy (470), Men",NA
1700083,Denis Gribanov,M,NA,NA,NA,,,2020 Summer,2020,Summer,Tokyo,Sailing,"Sailing Two-Person Dinghy (470), Men",NA
1700084,Xu Zangjun,M,NA,NA,NA,,,2020 Summer,2020,Summer,Tokyo,Sailing,"Sailing Two-Person Dinghy (470), Men",NA
1700085,Wang Yang,M,NA,NA,NA,,,2020 Summer,2020,Summer,Tokyo,Sailing,"Sailing Two-Person Dinghy (470), Men",NA
1700086,Park Geon-U,M,NA,NA,NA,,,2020 Summer,2020,Summer,Tokyo,Sailing,"Sailing Two-Person Dinghy (470), Men",NA
1700087,Jo Seong-Min,M,NA,NA,NA,,,2020 Summer,2020,Summer,Tokyo,Sailing,"Sailing Two-Person Dinghy (470), Men",NA
1700088,Diogo Costa,M,NA,NA,NA,,,2020 Summer,2020,Summer,Tokyo,Sailing,"Sailing Two-Person Dinghy (470), Men",NA
1700089,Pedro Costa,M,NA,NA,NA,,,2020 Summer,2020,Summer,Tokyo,Sailing,"Sailing Two-Person Dinghy (470), Men",NA
1700090,Henrique Haddad,M,NA,NA,NA,,,2020 Summer,2020,Summer,Tokyo,Sailing,"Sailing Two-Person Dinghy (470), Men",NA
1700091,Bruno Bethlem,M,NA,NA,NA,,,2020 Summer,2020,Summer,Tokyo,Sailing,"Sailing Two-Person Dinghy (470), Men",NA
1700092,Jacob Saunders,M,NA,NA,NA,,,2020 Summer,2020,Summer,Tokyo,Sailing,"Sailing Two-Person Dinghy (470), Men",NA
1700093,Oliver Bone,M,NA,NA,NA,,,2020 Summer,2020,Summer,Tokyo,Sailing,"Sailing Two-Person Dinghy (470), Men",NA
1700094,Tyler Justus Paige,M,NA,NA,NA,,,2020 Summer,2020,Summer,Tokyo,Sailing,"Sailing Two-Person Dinghy (470), Men",NA
1700095,Adrian Hoesch,M,NA,NA,NA,,,2020 Summer,2020,Summer,Tokyo,Sailing,"Sailing Two-Person Dinghy (470), Men",NA
1700096,Matias Montinho,M,NA,NA,NA,,,2020 Summer,2020,Summer,Tokyo,Sailing,"Sailing Two-Person Dinghy (470), Men",NA
1700097,Paixão Afonso,M,NA,NA,NA,,,2020 Summer,2020,Summer,Tokyo,Sailing,"Sailing Two-Person Dinghy (470), Men",NA
1700098,Dylan Fletcher-Scott,M,NA,NA,NA,,,2020 Summer,2020,Summer,Tokyo,Sailing,"Sailing Skiff (49er), Men",NA
1700099,Stuart Bithell,M,NA,NA,NA,,,2020 Summer,2020,Summer,Tokyo,Sailing,"Sailing Skiff (49er), Men",NA
1700100,Peter Burling,M,NA,NA,NA,,,2020 Summer,2020,Summer,Tokyo,Sailing,"Sailing Skiff (49er), Men",NA
1700101,Blair Tuke,M,NA,NA,NA,,,2020 Summer,2020,Summer,Tokyo,Sailing,"Sailing Skiff (49er), Men",NA
1700102,Erik Heil,M,NA,NA,NA,,,2020 Summer,2020,Summer,Tokyo,Sailing,"Sailing Skiff (49er), Men",NA
1700103,Thomas Plößel,M,NA,NA,NA,,,2020 Summer,2020,Summer,Tokyo,Sailing,"Sailing Skiff (49er), Men",NA
1700104,Diego Botín,M,NA,NA,NA,,,2020 Summer,2020,Summer,Tokyo,Sailing,"Sailing Skiff (49er), Men",NA
1700105,Iago López,M,NA,NA,NA,,,2020 Summer,2020,Summer,Tokyo,Sailing,"Sailing Skiff (49er), Men",NA
1700106,Jonas Warrer,M,NA,NA,NA,,,2020 Summer,2020,Summer,Tokyo,Sailing,"Sailing Skiff (49er), Men",NA
1700107,Jakob Precht Jensen,M,NA,NA,NA,,,2020 Summer,2020,Summer,Tokyo,Sailing,"Sailing Skiff (49er), Men",NA
1700108,Bart Lambriex,M,NA,NA,NA,,,2020 Summer,2020,Summer,Tokyo,Sailing,"Sailing Skiff (49er), Men",NA
1700109,Pim van Vugt,M,NA,NA,NA,,,2020 Summer,2020,Summer,Tokyo,Sailing,"Sailing Skiff (49er), Men",NA
1700110,Jorge Lima,M,NA,NA,NA,,,2020 Summer,2020,Summer,Tokyo,Sailing,"Sailing Skiff (49er), Men",NA
1700111,José Costa,M,NA,NA,NA,,,2020 Summer,2020,Summer,Tokyo,Sailing,"Sailing Skiff (49er), Men",NA
1700112,Šime Fantela,M,NA,NA,NA,,,2020 Summer,2020,Summer,Tokyo,Sailing,"Sailing Skiff (49er), Men",NA
1700113,Mihovil Fantela,M,NA,NA,NA,,,2020 Summer,2020,Summer,Tokyo,Sailing,"Sailing Skiff (49er), Men",NA
1700114,Łukasz Przybytek,M,NA,NA,NA,,,2020 Summer,2020,Summer,Tokyo,Sailing,"Sailing Skiff (49er), Men",NA
1700115,Paweł Kołodziński,M,NA,NA,NA,,,2020 Summer,2020,Summer,Tokyo,Sailing,"Sailing Skiff (49er), Men",NA
1700116,Benjamin Bildstein,M,NA,NA,NA,,,2020 Summer,2020,Summer,Tokyo,Sailing,"Sailing Skiff (49er), Men",NA
1700117,David Hussl,M,NA,NA,NA,,,2020 Summer,2020,Summer,Tokyo,Sailing,"Sailing Skiff (49er), Men",NA
1700118,Leo Takahashi,M,NA,NA,NA,,,2020 Summer,2020,Summer,Tokyo,Sailing,"Sailing Skiff (49er), Men",NA
1700119,Ibuki Koizumi,M,NA,NA,NA,,,2020 Summer,2020,Summer,Tokyo,Sailing,"Sailing Skiff (49er), Men",NA
1700120,William Phillips,M,NA,NA,NA,,,2020 Summer,2020,Summer,Tokyo,Sailing,"Sailing Skiff (49er), Men",NA
1700121,Sam Phillips,M,NA,NA,NA,,,2020 Summer,2020,Summer,Tokyo,Sailing,"Sailing Skiff (49er), Men",NA
1700122,Robert Dickson,M,NA,NA,NA,,,2020 Summer,2020,Summer,Tokyo,Sailing,"Sailing Skiff (49er), Men",NA
1700123,Sean Waddilove,M,NA,NA,NA,,,2020 Summer,2020,Summer,Tokyo,Sailing,"Sailing Skiff (49er), Men",NA
1700124,Sébastien Schneiter,M,NA,NA,NA,,,2020 Summer,2020,Summer,Tokyo,Sailing,"Sailing Skiff (49er), Men",NA
1700125,Lucien Cujean,M,NA,NA,NA,,,2020 Summer,2020,Summer,Tokyo,Sailing,"Sailing Skiff (49er), Men",NA
1700126,Lucas Rual,M,NA,NA,NA,,,2020 Summer,2020,Summer,Tokyo,Sailing,"Sailing Skiff (49er), Men",NA
1700127,Émile Amoros,M,NA,NA,NA,,,2020 Summer,2020,Summer,Tokyo,Sailing,"Sailing Skiff (49er), Men",NA
1700128,Marco Grael,M,NA,NA,NA,,,2020 Summer,2020,Summer,Tokyo,Sailing,"Sailing Skiff (49er), Men",NA
1700129,Gabriel Borges,M,NA,NA,NA,,,2020 Summer,2020,Summer,Tokyo,Sailing,"Sailing Skiff (49er), Men",NA
1700130,KC Ganapathy,M,NA,NA,NA,,,2020 Summer,2020,Summer,Tokyo,Sailing,"Sailing Skiff (49er), Men",NA
1700131,Varun Thakkar,M,NA,NA,NA,,,2020 Summer,2020,Summer,Tokyo,Sailing,"Sailing Skiff (49er), Men",NA
1700132,Benjamin Daniel,M,NA,NA,NA,,,2020 Summer,2020,Summer,Tokyo,Sailing,"Sailing Skiff (49er), Men",NA
1700133,Alex Burger,M,NA,NA,NA,,,2020 Summer,2020,Summer,Tokyo,Sailing,"Sailing Skiff (49er), Men",NA
1700134,Will Jones,M,NA,NA,NA,,,2020 Summer,2020,Summer,Tokyo,Sailing,"Sailing Skiff (49er), Men",NA
1700135,Evan DePaul,M,NA,NA,NA,,,2020 Summer,2020,Summer,Tokyo,Sailing,"Sailing Skiff (49er), Men",NA
1700136,Giles Scott,M,NA,NA,NA,GBR,GBR,2020 Summer,2020,Summer,Tokyo,Sailing,"Sailing One-Person Heavyweight Dinghy (Finn), Men",Gold
1700137,Zsombor Berecz,M,NA,NA,NA,HUN,HUN,2020 Summer,2020,Summer,Tokyo,Sailing,"Sailing One-Person Heavyweight Dinghy (Finn), Men",Silver
1700138,Joan Cardona,M,NA,NA,NA,ESP,ESP,2020 Summer,2020,Summer,Tokyo,Sailing,"Sailing One-Person Heavyweight Dinghy (Finn), Men",Bronze
1700139,Nicholas Heiner,M,NA,NA,NA,NED,NED,2020 Summer,2020,Summer,Tokyo,Sailing,"Sailing One-Person Heavyweight Dinghy (Finn), Men",NA
1700140,Josh Junior,M,NA,NA,NA,NZL,NZL,2020 Summer,2020,Summer,Tokyo,Sailing,"Sailing One-Person Heavyweight Dinghy (Finn), Men",NA
1700141,Facundo Olezza,M,NA,NA,NA,ARG,ARG,2020 Summer,2020,Summer,Tokyo,Sailing,"Sailing One-Person Heavyweight Dinghy (Finn), Men",NA
1700142,Jake Lilley,M,NA,NA,NA,AUS,AUS,2020 Summer,2020,Summer,Tokyo,Sailing,"Sailing One-Person Heavyweight Dinghy (Finn), Men",NA
1700143,Alican Kaynar,M,NA,NA,NA,TUR,TUR,2020 Summer,2020,Summer,Tokyo,Sailing,"Sailing One-Person Heavyweight Dinghy (Finn), Men",NA
1700144,Max Salminen,M,NA,NA,NA,SWE,SWE,2020 Summer,2020,Summer,Tokyo,Sailing,"Sailing One-Person Heavyweight Dinghy (Finn), Men",NA
1700145,Tom Ramshaw,M,NA,NA,NA,CAN,CAN,2020 Summer,2020,Summer,Tokyo,Sailing,"Sailing One-Person Heavyweight Dinghy (Finn), Men",NA
1700146,Anders Pedersen,M,NA,NA,NA,NOR,NOR,2020 Summer,2020,Summer,Tokyo,Sailing,"Sailing One-Person Heavyweight Dinghy (Finn), Men",NA
1700147,Giannis Mittakis,M,NA,NA,NA,GRE,GRE,2020 Summer,2020,Summer,Tokyo,Sailing,"Sailing One-Person Heavyweight Dinghy (Finn), Men",NA
1700148,Luke Muller,M,NA,NA,NA,USA,USA,2020 Summer,2020,Summer,Tokyo,Sailing,"Sailing One-Person Heavyweight Dinghy (Finn), Men",NA
1700149,Jorge Zarif,M,NA,NA,NA,BRA,BRA,2020 Summer,2020,Summer,Tokyo,Sailing,"Sailing One-Person Heavyweight Dinghy (Finn), Men",NA
1700150,Chen He,M,NA,NA,NA,CHN,CHN,2020 Summer,2020,Summer,Tokyo,Sailing,"Sailing One-Person Heavyweight Dinghy (Finn), Men",NA
1700151,Kazumasa Segawa,M,NA,NA,NA,JPN,JPN,2020 Summer,2020,Summer,Tokyo,Sailing,"Sailing One-Person Heavyweight Dinghy (Finn), Men",NA
1700152,Juan Pérez,M,NA,NA,NA,MEX,MEX,2020 Summer,2020,Summer,Tokyo,Sailing,"Sailing One-Person Heavyweight Dinghy (Finn), Men",NA
1700153,Andrés Lage,M,NA,NA,NA,VEN,VEN,2020 Summer,2020,Summer,Tokyo,Sailing,"Sailing One-Person Heavyweight Dinghy (Finn), Men",NA
1700154,Leo Davis,M,NA,NA,NA,RSA,RSA,2020 Summer,2020,Summer,Tokyo,Sailing,"Sailing One-Person Heavyweight Dinghy (Finn), Men",NA
1700155,Lu Yunxiu,F,NA,NA,NA,CHN,CHN,2020 Summer,2020,Summer,Tokyo,Sailing,"Sailing Windsurfer (Neil Pryde RS:X), Women",Gold
1700156,Charline Picon,F,NA,NA,NA,FRA,FRA,2020 Summer,2020,Summer,Tokyo,Sailing,"Sailing Windsurfer (Neil Pryde RS:X), Women",Silver
1700157,Emma Wilson,F,NA,NA,NA,GBR,GBR,2020 Summer,2020,Summer,Tokyo,Sailing,"Sailing Windsurfer (Neil Pryde RS:X), Women",Bronze
1700158,Marta Maggetti,F,NA,NA,NA,ITA,ITA,2020 Summer,2020,Summer,Tokyo,Sailing,"Sailing Windsurfer (Neil Pryde RS:X), Women",NA
1700159,Lilian de Geus,F,NA,NA,NA,NED,NED,2020 Summer,2020,Summer,Tokyo,Sailing,"Sailing Windsurfer (Neil Pryde RS:X), Women",NA
1700160,Katy Spychakov,F,NA,NA,NA,ISR,ISR,2020 Summer,2020,Summer,Tokyo,Sailing,"Sailing Windsurfer (Neil Pryde RS:X), Women",NA
1700161,Lærke Buhl-Hansen,F,NA,NA,NA,DEN,DEN,2020 Summer,2020,Summer,Tokyo,Sailing,"Sailing Windsurfer (Neil Pryde RS:X), Women",NA
1700162,Hayley Victoria Chan,F,NA,NA,NA,HKG,HKG,2020 Summer,2020,Summer,Tokyo,Sailing,"Sailing Windsurfer (Neil Pryde RS:X), Women",NA
1700163,Zofia Noceti-Klepacka,F,NA,NA,NA,POL,POL,2020 Summer,2020,Summer,Tokyo,Sailing,"Sailing Windsurfer (Neil Pryde RS:X), Women",NA
1700164,Patrícia Freitas,F,NA,NA,NA,BRA,BRA,2020 Summer,2020,Summer,Tokyo,Sailing,"Sailing Windsurfer (Neil Pryde RS:X), Women",NA
1700165,Blanca Manchón,F,NA,NA,NA,ESP,ESP,2020 Summer,2020,Summer,Tokyo,Sailing,"Sailing Windsurfer (Neil Pryde RS:X), Women",NA
1700166,Yuki Sunaga,F,NA,NA,NA,JPN,JPN,2020 Summer,2020,Summer,Tokyo,Sailing,"Sailing Windsurfer (Neil Pryde RS:X), Women",NA
1700167,María Belén Bazo,F,NA,NA,NA,PER,PER,2020 Summer,2020,Summer,Tokyo,Sailing,"Sailing Windsurfer (Neil Pryde RS:X), Women",NA
1700168,Tuuli Petäjä-Sirén,F,NA,NA,NA,FIN,FIN,2020 Summer,2020,Summer,Tokyo,Sailing,"Sailing Windsurfer (Neil Pryde RS:X), Women",NA
1700169,Farrah Hall,F,NA,NA,NA,USA,USA,2020 Summer,2020,Summer,Tokyo,Sailing,"Sailing Windsurfer (Neil Pryde RS:X), Women",NA
1700170,Ingrid Puusta,F,NA,NA,NA,EST,EST,2020 Summer,2020,Summer,Tokyo,Sailing,"Sailing Windsurfer (Neil Pryde RS:X), Women",NA
1700171,Siripon Kaewduang-Ngam,F,NA,NA,NA,THA,THA,2020 Summer,2020,Summer,Tokyo,Sailing,"Sailing Windsurfer (Neil Pryde RS:X), Women",NA
1700172,Demita Vega,F,NA,NA,NA,MEX,MEX,2020 Summer,2020,Summer,Tokyo,Sailing,"Sailing Windsurfer (Neil Pryde RS:X), Women",NA
1700173,Katerina Divari,F,NA,NA,NA,GRE,GRE,2020 Summer,2020,Summer,Tokyo,Sailing,"Sailing Windsurfer (Neil Pryde RS:X), Women",NA
1700174,Celi Tejerina,F,NA,NA,NA,ARG,ARG,2020 Summer,2020,Summer,Tokyo,Sailing,"Sailing Windsurfer (Neil Pryde RS:X), Women",NA
1700175,Natasa Lappa,F,NA,NA,NA,CYP,CYP,2020 Summer,2020,Summer,Tokyo,Sailing,"Sailing Windsurfer (Neil Pryde RS:X), Women",NA
1700176,Anna Khvorikova,F,NA,NA,NA,ROC,ROC,2020 Summer,2020,Summer,Tokyo,Sailing,"Sailing Windsurfer (Neil Pryde RS:X), Women",NA
1700177,Nikola Girke,F,NA,NA,NA,CAN,CAN,2020 Summer,2020,Summer,Tokyo,Sailing,"Sailing Windsurfer (Neil Pryde RS:X), Women",NA
1700178,Dilara Uralp,F,NA,NA,NA,TUR,TUR,2020 Summer,2020,Summer,Tokyo,Sailing,"Sailing Windsurfer (Neil Pryde RS:X), Women",NA
1700179,Sára Cholnoky,F,NA,NA,NA,HUN,HUN,2020 Summer,2020,Summer,Tokyo,Sailing,"Sailing Windsurfer (Neil Pryde RS:X), Women",NA
1700180,Amanda Ng,F,NA,NA,NA,SGP,SGP,2020 Summer,2020,Summer,Tokyo,Sailing,"Sailing Windsurfer (Neil Pryde RS:X), Women",NA
1700181,Amina Berrichi,F,NA,NA,NA,ALG,ALG,2020 Summer,2020,Summer,Tokyo,Sailing,"Sailing Windsurfer (Neil Pryde RS:X), Women",NA
1700182,Anne-Marie Rindom,F,NA,NA,NA,DEN,DEN,2020 Summer,2020,Summer,Tokyo,Sailing,"Sailing One-Person Dinghy (Laser Radial), Women",Gold
1700183,Josefin Olsson,F,NA,NA,NA,SWE,SWE,2020 Summer,2020,Summer,Tokyo,Sailing,"Sailing One-Person Dinghy (Laser Radial), Women",Silver
1700184,Marit Bouwmeester,F,NA,NA,NA,NED,NED,2020 Summer,2020,Summer,Tokyo,Sailing,"Sailing One-Person Dinghy (Laser Radial), Women",Bronze
1700185,Emma Plasschaert,F,NA,NA,NA,BEL,BEL,2020 Summer,2020,Summer,Tokyo,Sailing,"Sailing One-Person Dinghy (Laser Radial), Women",NA
1700186,Tuula Tenkanen,F,NA,NA,NA,FIN,FIN,2020 Summer,2020,Summer,Tokyo,Sailing,"Sailing One-Person Dinghy (Laser Radial), Women",NA
1700187,Sarah Douglas,F,NA,NA,NA,CAN,CAN,2020 Summer,2020,Summer,Tokyo,Sailing,"Sailing One-Person Dinghy (Laser Radial), Women",NA
1700188,Silvia Zennaro,F,NA,NA,NA,ITA,ITA,2020 Summer,2020,Summer,Tokyo,Sailing,"Sailing One-Person Dinghy (Laser Radial), Women",NA
1700189,Line Høst,F,NA,NA,NA,NOR,NOR,2020 Summer,2020,Summer,Tokyo,Sailing,"Sailing One-Person Dinghy (Laser Radial), Women",NA
1700190,Vasileia Karachaliou,F,NA,NA,NA,GRE,GRE,2020 Summer,2020,Summer,Tokyo,Sailing,"Sailing One-Person Dinghy (Laser Radial), Women",NA
1700191,Alison Young,F,NA,NA,NA,GBR,GBR,2020 Summer,2020,Summer,Tokyo,Sailing,"Sailing One-Person Dinghy (Laser Radial), Women",NA
1700192,Marie Bolou,F,NA,NA,NA,FRA,FRA,2020 Summer,2020,Summer,Tokyo,Sailing,"Sailing One-Person Dinghy (Laser Radial), Women",NA
1700193,Yelena Vorobeva,F,NA,NA,NA,CRO,CRO,2020 Summer,2020,Summer,Tokyo,Sailing,"Sailing One-Person Dinghy (Laser Radial), Women",NA
1700194,Mária Érdi,F,NA,NA,NA,HUN,HUN,2020 Summer,2020,Summer,Tokyo,Sailing,"Sailing One-Person Dinghy (Laser Radial), Women",NA
1700195,Mara Stransky,F,NA,NA,NA,AUS,AUS,2020 Summer,2020,Summer,Tokyo,Sailing,"Sailing One-Person Dinghy (Laser Radial), Women",NA
1700196,Manami Doi,F,NA,NA,NA,JPN,JPN,2020 Summer,2020,Summer,Tokyo,Sailing,"Sailing One-Person Dinghy (Laser Radial), Women",NA
1700197,Svenja Weger,F,NA,NA,NA,GER,GER,2020 Summer,2020,Summer,Tokyo,Sailing,"Sailing One-Person Dinghy (Laser Radial), Women",NA
1700198,Magdalena Kwaśna,F,NA,NA,NA,POL,POL,2020 Summer,2020,Summer,Tokyo,Sailing,"Sailing One-Person Dinghy (Laser Radial), Women",NA
1700199,Annalise Murphy,F,NA,NA,NA,IRL,IRL,2020 Summer,2020,Summer,Tokyo,Sailing,"Sailing One-Person Dinghy (Laser Radial), Women",NA
1700200,Maud Jayet,F,NA,NA,NA,SUI,SUI,2020 Summer,2020,Summer,Tokyo,Sailing,"Sailing One-Person Dinghy (Laser Radial), Women",NA
1700201,Ecem Güzel,F,NA,NA,NA,TUR,TUR,2020 Summer,2020,Summer,Tokyo,Sailing,"Sailing One-Person Dinghy (Laser Radial), Women",NA
1700202,Tatsiana Drazdouskaya,F,NA,NA,NA,BLR,BLR,2020 Summer,2020,Summer,Tokyo,Sailing,"Sailing One-Person Dinghy (Laser Radial), Women",NA
1700203,Dolores Moreira,F,NA,NA,NA,URU,URU,2020 Summer,2020,Summer,Tokyo,Sailing,"Sailing One-Person Dinghy (Laser Radial), Women",NA
1700204,Cristina Pujol,F,NA,NA,NA,ESP,ESP,2020 Summer,2020,Summer,Tokyo,Sailing,"Sailing One-Person Dinghy (Laser Radial), Women",NA
1700205,Zhang Dongshuang,F,NA,NA,NA,CHN,CHN,2020 Summer,2020,Summer,Tokyo,Sailing,"Sailing One-Person Dinghy (Laser Radial), Women",NA
1700206,Viktorija Andrulytė,F,NA,NA,NA,LTU,LTU,2020 Summer,2020,Summer,Tokyo,Sailing,"Sailing One-Person Dinghy (Laser Radial), Women",NA
1700207,Shazrin Latif,F,NA,NA,NA,MAS,MAS,2020 Summer,2020,Summer,Tokyo,Sailing,"Sailing One-Person Dinghy (Laser Radial), Women",NA
1700208,Yekaterina Zyuzina,F,NA,NA,NA,ROC,ROC,2020 Summer,2020,Summer,Tokyo,Sailing,"Sailing One-Person Dinghy (Laser Radial), Women",NA
1700209,Stephanie Lovell,F,NA,NA,NA,LCA,LCA,2020 Summer,2020,Summer,Tokyo,Sailing,"Sailing One-Person Dinghy (Laser Radial), Women",NA
1700210,Isabella Maegli,F,NA,NA,NA,GUA,GUA,2020 Summer,2020,Summer,Tokyo,Sailing,"Sailing One-Person Dinghy (Laser Radial), Women",NA
1700211,Shay Kakon,F,NA,NA,NA,ISR,ISR,2020 Summer,2020,Summer,Tokyo,Sailing,"Sailing One-Person Dinghy (Laser Radial), Women",NA
1700212,Lucía Falasca,F,NA,NA,NA,ARG,ARG,2020 Summer,2020,Summer,Tokyo,Sailing,"Sailing One-Person Dinghy (Laser Radial), Women",NA
1700213,Elena Oetling,F,NA,NA,NA,MEX,MEX,2020 Summer,2020,Summer,Tokyo,Sailing,"Sailing One-Person Dinghy (Laser Radial), Women",NA
1700214,Marilena Makri,F,NA,NA,NA,CYP,CYP,2020 Summer,2020,Summer,Tokyo,Sailing,"Sailing One-Person Dinghy (Laser Radial), Women",NA
1700215,Carolina João,F,NA,NA,NA,POR,POR,2020 Summer,2020,Summer,Tokyo,Sailing,"Sailing One-Person Dinghy (Laser Radial), Women",NA
1700216,Nethra Kumanan,F,NA,NA,NA,IND,IND,2020 Summer,2020,Summer,Tokyo,Sailing,"Sailing One-Person Dinghy (Laser Radial), Women",NA
1700217,Paloma Schmidt,F,NA,NA,NA,PER,PER,2020 Summer,2020,Summer,Tokyo,Sailing,"Sailing One-Person Dinghy (Laser Radial), Women",NA
1700218,Paige Railey,F,NA,NA,NA,USA,USA,2020 Summer,2020,Summer,Tokyo,Sailing,"Sailing One-Person Dinghy (Laser Radial), Women",NA
1700219,Kamolwan Chanyim,F,NA,NA,NA,THA,THA,2020 Summer,2020,Summer,Tokyo,Sailing,"Sailing One-Person Dinghy (Laser Radial), Women",NA
1700220,Stephanie Norton,F,NA,NA,NA,HKG,HKG,2020 Summer,2020,Summer,Tokyo,Sailing,"Sailing One-Person Dinghy (Laser Radial), Women",NA
1700221,Deizy Nhaquile,F,NA,NA,NA,MOZ,MOZ,2020 Summer,2020,Summer,Tokyo,Sailing,"Sailing One-Person Dinghy (Laser Radial), Women",NA
1700222,Khouloud Mansy,F,NA,NA,NA,EGY,EGY,2020 Summer,2020,Summer,Tokyo,Sailing,"Sailing One-Person Dinghy (Laser Radial), Women",NA
1700223,Sophia Morgan,F,NA,NA,NA,FIJ,FIJ,2020 Summer,2020,Summer,Tokyo,Sailing,"Sailing One-Person Dinghy (Laser Radial), Women",NA
1700224,Jalese Gordon,F,NA,NA,NA,ANT,ANT,2020 Summer,2020,Summer,Tokyo,Sailing,"Sailing One-Person Dinghy (Laser Radial), Women",NA
1700225,Rose-Lee Numa,F,NA,NA,NA,PNG,PNG,2020 Summer,2020,Summer,Tokyo,Sailing,"Sailing One-Person Dinghy (Laser Radial), Women",NA
1700226,Hannah Mills,F,NA,NA,NA,,,2020 Summer,2020,Summer,Tokyo,Sailing,"Sailing Two-Person Dinghy (470), Women",NA
1700227,Eilidh McIntyre,F,NA,NA,NA,,,2020 Summer,2020,Summer,Tokyo,Sailing,"Sailing Two-Person Dinghy (470), Women",NA
1700228,Agnieszka Skrzypulec,F,NA,NA,NA,,,2020 Summer,2020,Summer,Tokyo,Sailing,"Sailing Two-Person Dinghy (470), Women",NA
1700229,Jolanta Ogar,F,NA,NA,NA,,,2020 Summer,2020,Summer,Tokyo,Sailing,"Sailing Two-Person Dinghy (470), Women",NA
1700230,Camille Lecointre,F,NA,NA,NA,,,2020 Summer,2020,Summer,Tokyo,Sailing,"Sailing Two-Person Dinghy (470), Women",NA
1700231,Aloïse Retornaz,F,NA,NA,NA,,,2020 Summer,2020,Summer,Tokyo,Sailing,"Sailing Two-Person Dinghy (470), Women",NA
1700232,Linda Fahrni,F,NA,NA,NA,,,2020 Summer,2020,Summer,Tokyo,Sailing,"Sailing Two-Person Dinghy (470), Women",NA
1700233,Maja Siegenthaler,F,NA,NA,NA,,,2020 Summer,2020,Summer,Tokyo,Sailing,"Sailing Two-Person Dinghy (470), Women",NA
1700234,Tina Mrak,F,NA,NA,NA,,,2020 Summer,2020,Summer,Tokyo,Sailing,"Sailing Two-Person Dinghy (470), Women",NA
1700235,Veronika Macarol,F,NA,NA,NA,,,2020 Summer,2020,Summer,Tokyo,Sailing,"Sailing Two-Person Dinghy (470), Women",NA
1700236,Luise Wanser,F,NA,NA,NA,,,2020 Summer,2020,Summer,Tokyo,Sailing,"Sailing Two-Person Dinghy (470), Women",NA
1700237,Anastasiya Winkel,F,NA,NA,NA,,,2020 Summer,2020,Summer,Tokyo,Sailing,"Sailing Two-Person Dinghy (470), Women",NA
1700238,Ai Yoshida,F,NA,NA,NA,,,2020 Summer,2020,Summer,Tokyo,Sailing,"Sailing Two-Person Dinghy (470), Women",NA
1700239,Miho Yoshioka,F,NA,NA,NA,,,2020 Summer,2020,Summer,Tokyo,Sailing,"Sailing Two-Person Dinghy (470), Women",NA
1700240,Noya Bar Am,F,NA,NA,NA,,,2020 Summer,2020,Summer,Tokyo,Sailing,"Sailing Two-Person Dinghy (470), Women",NA
1700241,Shahar Tibi,F,NA,NA,NA,,,2020 Summer,2020,Summer,Tokyo,Sailing,"Sailing Two-Person Dinghy (470), Women",NA
1700242,Fernanda Oliveira,F,NA,NA,NA,,,2020 Summer,2020,Summer,Tokyo,Sailing,"Sailing Two-Person Dinghy (470), Women",NA
1700243,Ana Luiza Barbachan,F,NA,NA,NA,,,2020 Summer,2020,Summer,Tokyo,Sailing,"Sailing Two-Person Dinghy (470), Women",NA
1700244,Afrodite Zegers,F,NA,NA,NA,,,2020 Summer,2020,Summer,Tokyo,Sailing,"Sailing Two-Person Dinghy (470), Women",NA
1700245,Lobke Berkhout,F,NA,NA,NA,,,2020 Summer,2020,Summer,Tokyo,Sailing,"Sailing Two-Person Dinghy (470), Women",NA
1700246,Silvia Mas,F,NA,NA,NA,,,2020 Summer,2020,Summer,Tokyo,Sailing,"Sailing Two-Person Dinghy (470), Women",NA
1700247,Patricia Cantero,F,NA,NA,NA,,,2020 Summer,2020,Summer,Tokyo,Sailing,"Sailing Two-Person Dinghy (470), Women",NA
1700248,Nikki Barnes,F,NA,NA,NA,,,2020 Summer,2020,Summer,Tokyo,Sailing,"Sailing Two-Person Dinghy (470), Women",NA
1700249,Lara Dallman-Weiss,F,NA,NA,NA,,,2020 Summer,2020,Summer,Tokyo,Sailing,"Sailing Two-Person Dinghy (470), Women",NA
1700250,Elena Berta,F,NA,NA,NA,,,2020 Summer,2020,Summer,Tokyo,Sailing,"Sailing Two-Person Dinghy (470), Women",NA
1700251,Bianca Caruso,F,NA,NA,NA,,,2020 Summer,2020,Summer,Tokyo,Sailing,"Sailing Two-Person Dinghy (470), Women",NA
1700252,Olivia Bergström,F,NA,NA,NA,,,2020 Summer,2020,Summer,Tokyo,Sailing,"Sailing Two-Person Dinghy (470), Women",NA
1700253,Lovisa Karlsson,F,NA,NA,NA,,,2020 Summer,2020,Summer,Tokyo,Sailing,"Sailing Two-Person Dinghy (470), Women",NA
1700254,Ariadne Paraskevi Spanaki,F,NA,NA,NA,,,2020 Summer,2020,Summer,Tokyo,Sailing,"Sailing Two-Person Dinghy (470), Women",NA
1700255,Aimilia Tsoulfa,F,NA,NA,NA,,,2020 Summer,2020,Summer,Tokyo,Sailing,"Sailing Two-Person Dinghy (470), Women",NA
1700256,Nia Jerwood,F,NA,NA,NA,,,2020 Summer,2020,Summer,Tokyo,Sailing,"Sailing Two-Person Dinghy (470), Women",NA
1700257,Monique De Vries,F,NA,NA,NA,,,2020 Summer,2020,Summer,Tokyo,Sailing,"Sailing Two-Person Dinghy (470), Women",NA
1700258,Beste Kaynakçı,F,NA,NA,NA,,,2020 Summer,2020,Summer,Tokyo,Sailing,"Sailing Two-Person Dinghy (470), Women",NA
1700259,Okyanus Arıkan,F,NA,NA,NA,,,2020 Summer,2020,Summer,Tokyo,Sailing,"Sailing Two-Person Dinghy (470), Women",NA
1700260,Wei Mengxi,F,NA,NA,NA,,,2020 Summer,2020,Summer,Tokyo,Sailing,"Sailing Two-Person Dinghy (470), Women",NA
1700261,Gao Haiyan,F,NA,NA,NA,,,2020 Summer,2020,Summer,Tokyo,Sailing,"Sailing Two-Person Dinghy (470), Women",NA
1700262,Nur Aisyah Jamil,F,NA,NA,NA,,,2020 Summer,2020,Summer,Tokyo,Sailing,"Sailing Two-Person Dinghy (470), Women",NA
1700263,Juni Karimah Noor Jamali,F,NA,NA,NA,,,2020 Summer,2020,Summer,Tokyo,Sailing,"Sailing Two-Person Dinghy (470), Women",NA
1700264,Belén Tavella,F,NA,NA,NA,,,2020 Summer,2020,Summer,Tokyo,Sailing,"Sailing Two-Person Dinghy (470), Women",NA
1700265,Lourdes Hartkopf,F,NA,NA,NA,,,2020 Summer,2020,Summer,Tokyo,Sailing,"Sailing Two-Person Dinghy (470), Women",NA
1700266,Denise Parruque,F,NA,NA,NA,,,2020 Summer,2020,Summer,Tokyo,Sailing,"Sailing Two-Person Dinghy (470), Women",NA
1700267,Maria Machava,F,NA,NA,NA,,,2020 Summer,2020,Summer,Tokyo,Sailing,"Sailing Two-Person Dinghy (470), Women",NA
1700268,Martine Grael,F,NA,NA,NA,,,2020 Summer,2020,Summer,Tokyo,Sailing,"Sailing Skiff (49er FX), Women",NA
1700269,Kahena Kunze,F,NA,NA,NA,,,2020 Summer,2020,Summer,Tokyo,Sailing,"Sailing Skiff (49er FX), Women",NA
1700270,Tina Lutz,F,NA,NA,NA,,,2020 Summer,2020,Summer,Tokyo,Sailing,"Sailing Skiff (49er FX), Women",NA
1700271,Susann Beucke,F,NA,NA,NA,,,2020 Summer,2020,Summer,Tokyo,Sailing,"Sailing Skiff (49er FX), Women",NA
1700272,Annemiek Bekkering,F,NA,NA,NA,,,2020 Summer,2020,Summer,Tokyo,Sailing,"Sailing Skiff (49er FX), Women",NA
1700273,Annette Duetz,F,NA,NA,NA,,,2020 Summer,2020,Summer,Tokyo,Sailing,"Sailing Skiff (49er FX), Women",NA
1700274,Támara Echegoyen,F,NA,NA,NA,,,2020 Summer,2020,Summer,Tokyo,Sailing,"Sailing Skiff (49er FX), Women",NA
1700275,Paula Barceló,F,NA,NA,NA,,,2020 Summer,2020,Summer,Tokyo,Sailing,"Sailing Skiff (49er FX), Women",NA
1700276,Vicky Travascio,F,NA,NA,NA,,,2020 Summer,2020,Summer,Tokyo,Sailing,"Sailing Skiff (49er FX), Women",NA
1700277,María Branz,F,NA,NA,NA,,,2020 Summer,2020,Summer,Tokyo,Sailing,"Sailing Skiff (49er FX), Women",NA
1700278,Charlotte Dobson,F,NA,NA,NA,,,2020 Summer,2020,Summer,Tokyo,Sailing,"Sailing Skiff (49er FX), Women",NA
1700279,Saskia Tidey,F,NA,NA,NA,,,2020 Summer,2020,Summer,Tokyo,Sailing,"Sailing Skiff (49er FX), Women",NA
1700280,Helene Næss,F,NA,NA,NA,,,2020 Summer,2020,Summer,Tokyo,Sailing,"Sailing Skiff (49er FX), Women",NA
1700281,Marie Rønningen,F,NA,NA,NA,,,2020 Summer,2020,Summer,Tokyo,Sailing,"Sailing Skiff (49er FX), Women",NA
1700282,Ida Marie Baad,F,NA,NA,NA,,,2020 Summer,2020,Summer,Tokyo,Sailing,"Sailing Skiff (49er FX), Women",NA
1700283,Marie Thusgaard Olsen,F,NA,NA,NA,,,2020 Summer,2020,Summer,Tokyo,Sailing,"Sailing Skiff (49er FX), Women",NA
1700284,Lili Sebesi,F,NA,NA,NA,,,2020 Summer,2020,Summer,Tokyo,Sailing,"Sailing Skiff (49er FX), Women",NA
1700285,Albane Dubois,F,NA,NA,NA,,,2020 Summer,2020,Summer,Tokyo,Sailing,"Sailing Skiff (49er FX), Women",NA
1700286,Kimberly Lim,F,NA,NA,NA,,,2020 Summer,2020,Summer,Tokyo,Sailing,"Sailing Skiff (49er FX), Women",NA
1700287,Cecilia Low,F,NA,NA,NA,,,2020 Summer,2020,Summer,Tokyo,Sailing,"Sailing Skiff (49er FX), Women",NA
1700288,Stephanie Roble,F,NA,NA,NA,,,2020 Summer,2020,Summer,Tokyo,Sailing,"Sailing Skiff (49er FX), Women",NA
1700289,Maggie Shea,F,NA,NA,NA,,,2020 Summer,2020,Summer,Tokyo,Sailing,"Sailing Skiff (49er FX), Women",NA
1700290,Alex Maloney,F,NA,NA,NA,,,2020 Summer,2020,Summer,Tokyo,Sailing,"Sailing Skiff (49er FX), Women",NA
1700291,Molly Meech,F,NA,NA,NA,,,2020 Summer,2020,Summer,Tokyo,Sailing,"Sailing Skiff (49er FX), Women",NA
1700292,Tess Lloyd,F,NA,NA,NA,,,2020 Summer,2020,Summer,Tokyo,Sailing,"Sailing Skiff (49er FX), Women",NA
1700293,Jaime Ryan,F,NA,NA,NA,,,2020 Summer,2020,Summer,Tokyo,Sailing,"Sailing Skiff (49er FX), Women",NA
1700294,Isaura Maenhaut,F,NA,NA,NA,,,2020 Summer,2020,Summer,Tokyo,Sailing,"Sailing Skiff (49er FX), Women",NA
1700295,Anouk Geurts,F,NA,NA,NA,,,2020 Summer,2020,Summer,Tokyo,Sailing,"Sailing Skiff (49er FX), Women",NA
1700296,Aleksandra Melzacka,F,NA,NA,NA,,,2020 Summer,2020,Summer,Tokyo,Sailing,"Sailing Skiff (49er FX), Women",NA
1700297,Kinga Łoboda,F,NA,NA,NA,,,2020 Summer,2020,Summer,Tokyo,Sailing,"Sailing Skiff (49er FX), Women",NA
1700298,Ali ten Hove,F,NA,NA,NA,,,2020 Summer,2020,Summer,Tokyo,Sailing,"Sailing Skiff (49er FX), Women",NA
1700299,Mariah Millen,F,NA,NA,NA,,,2020 Summer,2020,Summer,Tokyo,Sailing,"Sailing Skiff (49er FX), Women",NA
1700300,Tanja Frank,F,NA,NA,NA,,,2020 Summer,2020,Summer,Tokyo,Sailing,"Sailing Skiff (49er FX), Women",NA
1700301,Lorena Abicht,F,NA,NA,NA,,,2020 Summer,2020,Summer,Tokyo,Sailing,"Sailing Skiff (49er FX), Women",NA
1700302,Anna Yamazaki,F,NA,NA,NA,,,2020 Summer,2020,Summer,Tokyo,Sailing,"Sailing Skiff (49er FX), Women",NA
1700303,Sena Takano,F,NA,NA,NA,,,2020 Summer,2020,Summer,Tokyo,Sailing,"Sailing Skiff (49er FX), Women",NA
1700304,Chen Shasha,F,NA,NA,NA,,,2020 Summer,2020,Summer,Tokyo,Sailing,"Sailing Skiff (49er FX), Women",NA
1700305,Jin Ye,F,NA,NA,NA,,,2020 Summer,2020,Summer,Tokyo,Sailing,"Sailing Skiff (49er FX), Women",NA
1700306,Diana María Tudela,F,NA,NA,NA,,,2020 Summer,2020,Summer,Tokyo,Sailing,"Sailing Skiff (49er FX), Women",NA
1700307,María Pia Vanoordt,F,NA,NA,NA,,,2020 Summer,2020,Summer,Tokyo,Sailing,"Sailing Skiff (49er FX), Women",NA
1700308,Eya Guezguez,F,NA,NA,NA,,,2020 Summer,2020,Summer,Tokyo,Sailing,"Sailing Skiff (49er FX), Women",NA
1700309,Sarra Guezguez,F,NA,NA,NA,,,2020 Summer,2020,Summer,Tokyo,Sailing,"Sailing Skiff (49er FX), Women",NA
1700310,Ruggero Tita,M,NA,NA,NA,,,2020 Summer,2020,Summer,Tokyo,Sailing,"Sailing Multihull (Nacra 17), Mixed",NA
1700311,Caterina Banti,M,NA,NA,NA,,,2020 Summer,2020,Summer,Tokyo,Sailing,"Sailing Multihull (Nacra 17), Mixed",NA
1700312,John Gimson,M,NA,NA,NA,,,2020 Summer,2020,Summer,Tokyo,Sailing,"Sailing Multihull (Nacra 17), Mixed",NA
1700313,Anna Burnet,M,NA,NA,NA,,,2020 Summer,2020,Summer,Tokyo,Sailing,"Sailing Multihull (Nacra 17), Mixed",NA
1700314,Paul Kohlhoff,M,NA,NA,NA,,,2020 Summer,2020,Summer,Tokyo,Sailing,"Sailing Multihull (Nacra 17), Mixed",NA
1700315,Alica Stuhlemmer,M,NA,NA,NA,,,2020 Summer,2020,Summer,Tokyo,Sailing,"Sailing Multihull (Nacra 17), Mixed",NA
1700316,Lin Cenholt,M,NA,NA,NA,,,2020 Summer,2020,Summer,Tokyo,Sailing,"Sailing Multihull (Nacra 17), Mixed",NA
1700317,Christian Lübeck,M,NA,NA,NA,,,2020 Summer,2020,Summer,Tokyo,Sailing,"Sailing Multihull (Nacra 17), Mixed",NA
1700318,Jason Waterhouse,M,NA,NA,NA,,,2020 Summer,2020,Summer,Tokyo,Sailing,"Sailing Multihull (Nacra 17), Mixed",NA
1700319,Lisa Darmanin,M,NA,NA,NA,,,2020 Summer,2020,Summer,Tokyo,Sailing,"Sailing Multihull (Nacra 17), Mixed",NA
1700320,Tara Pacheco,M,NA,NA,NA,,,2020 Summer,2020,Summer,Tokyo,Sailing,"Sailing Multihull (Nacra 17), Mixed",NA
1700321,Florián Trittel,M,NA,NA,NA,,,2020 Summer,2020,Summer,Tokyo,Sailing,"Sailing Multihull (Nacra 17), Mixed",NA
1700322,Santiago Lange,M,NA,NA,NA,,,2020 Summer,2020,Summer,Tokyo,Sailing,"Sailing Multihull (Nacra 17), Mixed",NA
1700323,Cecilia Carranza,M,NA,NA,NA,,,2020 Summer,2020,Summer,Tokyo,Sailing,"Sailing Multihull (Nacra 17), Mixed",NA
1700324,Quentin Delapierre,M,NA,NA,NA,,,2020 Summer,2020,Summer,Tokyo,Sailing,"Sailing Multihull (Nacra 17), Mixed",NA
1700325,Manon Audinet,M,NA,NA,NA,,,2020 Summer,2020,Summer,Tokyo,Sailing,"Sailing Multihull (Nacra 17), Mixed",NA
1700326,Riley Gibbs,M,NA,NA,NA,,,2020 Summer,2020,Summer,Tokyo,Sailing,"Sailing Multihull (Nacra 17), Mixed",NA
1700327,Anna Weis,M,NA,NA,NA,,,2020 Summer,2020,Summer,Tokyo,Sailing,"Sailing Multihull (Nacra 17), Mixed",NA
1700328,Samuel Albrecht,M,NA,NA,NA,,,2020 Summer,2020,Summer,Tokyo,Sailing,"Sailing Multihull (Nacra 17), Mixed",NA
1700329,Gabriela Nicolino,M,NA,NA,NA,,,2020 Summer,2020,Summer,Tokyo,Sailing,"Sailing Multihull (Nacra 17), Mixed",NA
1700330,Thomas Zajac,M,NA,NA,NA,,,2020 Summer,2020,Summer,Tokyo,Sailing,"Sailing Multihull (Nacra 17), Mixed",NA
1700331,Barbara Matz,M,NA,NA,NA,,,2020 Summer,2020,Summer,Tokyo,Sailing,"Sailing Multihull (Nacra 17), Mixed",NA
1700332,Micah Wilkinson,M,NA,NA,NA,,,2020 Summer,2020,Summer,Tokyo,Sailing,"Sailing Multihull (Nacra 17), Mixed",NA
1700333,Erica Dawson,M,NA,NA,NA,,,2020 Summer,2020,Summer,Tokyo,Sailing,"Sailing Multihull (Nacra 17), Mixed",NA
1700334,Sinem Kurtbay,M,NA,NA,NA,,,2020 Summer,2020,Summer,Tokyo,Sailing,"Sailing Multihull (Nacra 17), Mixed",NA
1700335,Akseli Keskinen,M,NA,NA,NA,,,2020 Summer,2020,Summer,Tokyo,Sailing,"Sailing Multihull (Nacra 17), Mixed",NA
1700336,Emil Järudd,M,NA,NA,NA,,,2020 Summer,2020,Summer,Tokyo,Sailing,"Sailing Multihull (Nacra 17), Mixed",NA
1700337,Cecilia Jonsson,M,NA,NA,NA,,,2020 Summer,2020,Summer,Tokyo,Sailing,"Sailing Multihull (Nacra 17), Mixed",NA
1700338,Shibuki Iitsuka,M,NA,NA,NA,,,2020 Summer,2020,Summer,Tokyo,Sailing,"Sailing Multihull (Nacra 17), Mixed",NA
1700339,Eri Hatayama,M,NA,NA,NA,,,2020 Summer,2020,Summer,Tokyo,Sailing,"Sailing Multihull (Nacra 17), Mixed",NA
1700340,Yang Xuezhe,M,NA,NA,NA,,,2020 Summer,2020,Summer,Tokyo,Sailing,"Sailing Multihull (Nacra 17), Mixed",NA
1700341,Hu Xiaoxiao,M,NA,NA,NA,,,2020 Summer,2020,Summer,Tokyo,Sailing,"Sailing Multihull (Nacra 17), Mixed",NA
1700342,Quique Figueroa,M,NA,NA,NA,,,2020 Summer,2020,Summer,Tokyo,Sailing,"Sailing Multihull (Nacra 17), Mixed",NA
1700343,Gretchen Ortiz,M,NA,NA,NA,,,2020 Summer,2020,Summer,Tokyo,Sailing,"Sailing Multihull (Nacra 17), Mixed",NA
1700344,Pablo Defazio,M,NA,NA,NA,,,2020 Summer,2020,Summer,Tokyo,Sailing,"Sailing Multihull (Nacra 17), Mixed",NA
1700345,Dominique Knüppel,M,NA,NA,NA,,,2020 Summer,2020,Summer,Tokyo,Sailing,"Sailing Multihull (Nacra 17), Mixed",NA
1700346,Nicholas Fadler Martinsen,M,NA,NA,NA,,,2020 Summer,2020,Summer,Tokyo,Sailing,"Sailing Multihull (Nacra 17), Mixed",NA
1700347,Martine Steller Mortensen,M,NA,NA,NA,,,2020 Summer,2020,Summer,Tokyo,Sailing,"Sailing Multihull (Nacra 17), Mixed",NA
1700348,Mehdi Gharbi,M,NA,NA,NA,,,2020 Summer,2020,Summer,Tokyo,Sailing,"Sailing Multihull (Nacra 17), Mixed",NA
1700349,Rania Rahali,M,NA,NA,NA,,,2020 Summer,2020,Summer,Tokyo,Sailing,"Sailing Multihull (Nacra 17), Mixed",NA
1700350,Tom Reuveny,M,NA,NA,NA,ISR,ISR,2024 Summer,2024,Summer,Paris,Sailing,"Sailing Windsurfer (iQFOiL), Men",Gold
1700351,Grae Morris,M,NA,NA,NA,AUS,AUS,2024 Summer,2024,Summer,Paris,Sailing,"Sailing Windsurfer (iQFOiL), Men",Silver
1700352,Luuc van Opzeeland,M,NA,NA,NA,NED,NED,2024 Summer,2024,Summer,Paris,Sailing,"Sailing Windsurfer (iQFOiL), Men",Bronze
1700353,Josh Armit,M,NA,NA,NA,NZL,NZL,2024 Summer,2024,Summer,Paris,Sailing,"Sailing Windsurfer (iQFOiL), Men",NA
1700354,Sam Sills,M,NA,NA,NA,GBR,GBR,2024 Summer,2024,Summer,Paris,Sailing,"Sailing Windsurfer (iQFOiL), Men",NA
1700355,Nicolò Renna,M,NA,NA,NA,ITA,ITA,2024 Summer,2024,Summer,Paris,Sailing,"Sailing Windsurfer (iQFOiL), Men",NA
1700356,Elia Colombo,M,NA,NA,NA,SUI,SUI,2024 Summer,2024,Summer,Paris,Sailing,"Sailing Windsurfer (iQFOiL), Men",NA
1700357,Ethan Westera,M,NA,NA,NA,ARU,ARU,2024 Summer,2024,Summer,Paris,Sailing,"Sailing Windsurfer (iQFOiL), Men",NA
1700358,Noah Lyons,M,NA,NA,NA,USA,USA,2024 Summer,2024,Summer,Paris,Sailing,"Sailing Windsurfer (iQFOiL), Men",NA
1700359,Paweł Tarnowski,M,NA,NA,NA,POL,POL,2024 Summer,2024,Summer,Paris,Sailing,"Sailing Windsurfer (iQFOiL), Men",NA
1700360,Nacho Baltasar,M,NA,NA,NA,ESP,ESP,2024 Summer,2024,Summer,Paris,Sailing,"Sailing Windsurfer (iQFOiL), Men",NA
1700361,Sebastian Kördel,M,NA,NA,NA,GER,GER,2024 Summer,2024,Summer,Paris,Sailing,"Sailing Windsurfer (iQFOiL), Men",NA
1700362,Cheng Ching Yin,M,NA,NA,NA,HKG,HKG,2024 Summer,2024,Summer,Paris,Sailing,"Sailing Windsurfer (iQFOiL), Men",NA
1700363,Johan Bornemann Søe,M,NA,NA,NA,DEN,DEN,2024 Summer,2024,Summer,Paris,Sailing,"Sailing Windsurfer (iQFOiL), Men",NA
1700364,Nicolas Goyard,M,NA,NA,NA,FRA,FRA,2024 Summer,2024,Summer,Paris,Sailing,"Sailing Windsurfer (iQFOiL), Men",NA
1700365,Mateus Isaac,M,NA,NA,NA,BRA,BRA,2024 Summer,2024,Summer,Paris,Sailing,"Sailing Windsurfer (iQFOiL), Men",NA
1700366,Rytis Jasiunas,M,NA,NA,NA,LTU,LTU,2024 Summer,2024,Summer,Paris,Sailing,"Sailing Windsurfer (iQFOiL), Men",NA
1700367,Makoto Tomizawa,M,NA,NA,NA,JPN,JPN,2024 Summer,2024,Summer,Paris,Sailing,"Sailing Windsurfer (iQFOiL), Men",NA
1700368,Huang Jingye,M,NA,NA,NA,CHN,CHN,2024 Summer,2024,Summer,Paris,Sailing,"Sailing Windsurfer (iQFOiL), Men",NA
1700369,Jakob Eklund,M,NA,NA,NA,FIN,FIN,2024 Summer,2024,Summer,Paris,Sailing,"Sailing Windsurfer (iQFOiL), Men",NA
1700370,Francisco Saubidet,M,NA,NA,NA,ARG,ARG,2024 Summer,2024,Summer,Paris,Sailing,"Sailing Windsurfer (iQFOiL), Men",NA
1700371,Vyron Kokkalanis,M,NA,NA,NA,GRE,GRE,2024 Summer,2024,Summer,Paris,Sailing,"Sailing Windsurfer (iQFOiL), Men",NA
1700372,Robert Kubin,M,NA,NA,NA,SVK,SVK,2024 Summer,2024,Summer,Paris,Sailing,"Sailing Windsurfer (iQFOiL), Men",NA
1700373,Rami Boudrouma,M,NA,NA,NA,ALG,ALG,2024 Summer,2024,Summer,Paris,Sailing,"Sailing Windsurfer (iQFOiL), Men",NA
1700374,Matt Wearn,M,NA,NA,NA,AUS,AUS,2024 Summer,2024,Summer,Paris,Sailing,"Sailing One-Person Dinghy (ILCA 7), Men",Gold
1700375,Pavlos Kontides,M,NA,NA,NA,CYP,CYP,2024 Summer,2024,Summer,Paris,Sailing,"Sailing One-Person Dinghy (ILCA 7), Men",Silver
1700376,Stefano Peschiera,M,NA,NA,NA,PER,PER,2024 Summer,2024,Summer,Paris,Sailing,"Sailing One-Person Dinghy (ILCA 7), Men",Bronze
1700377,Jonatán Vadnai,M,NA,NA,NA,HUN,HUN,2024 Summer,2024,Summer,Paris,Sailing,"Sailing One-Person Dinghy (ILCA 7), Men",NA
1700378,Hermann Tomasgaard,M,NA,NA,NA,NOR,NOR,2024 Summer,2024,Summer,Paris,Sailing,"Sailing One-Person Dinghy (ILCA 7), Men",NA
1700379,Micky Beckett,M,NA,NA,NA,GBR,GBR,2024 Summer,2024,Summer,Paris,Sailing,"Sailing One-Person Dinghy (ILCA 7), Men",NA
1700380,Thomas Saunders,M,NA,NA,NA,NZL,NZL,2024 Summer,2024,Summer,Paris,Sailing,"Sailing One-Person Dinghy (ILCA 7), Men",NA
1700381,Clemente Seguel,M,NA,NA,NA,CHI,CHI,2024 Summer,2024,Summer,Paris,Sailing,"Sailing One-Person Dinghy (ILCA 7), Men",NA
1700382,Lorenzo Chiavarini,M,NA,NA,NA,ITA,ITA,2024 Summer,2024,Summer,Paris,Sailing,"Sailing One-Person Dinghy (ILCA 7), Men",NA
1700383,Finn Lynch,M,NA,NA,NA,IRL,IRL,2024 Summer,2024,Summer,Paris,Sailing,"Sailing One-Person Dinghy (ILCA 7), Men",NA
1700384,Eduardo Marques,M,NA,NA,NA,POR,POR,2024 Summer,2024,Summer,Paris,Sailing,"Sailing One-Person Dinghy (ILCA 7), Men",NA
1700385,Jean-Baptiste Bernaz,M,NA,NA,NA,FRA,FRA,2024 Summer,2024,Summer,Paris,Sailing,"Sailing One-Person Dinghy (ILCA 7), Men",NA
1700386,Philipp Buhl,M,NA,NA,NA,GER,GER,2024 Summer,2024,Summer,Paris,Sailing,"Sailing One-Person Dinghy (ILCA 7), Men",NA
1700387,Milivoj Dukić,M,NA,NA,NA,MNE,MNE,2024 Summer,2024,Summer,Paris,Sailing,"Sailing One-Person Dinghy (ILCA 7), Men",NA
1700388,Duko Bos,M,NA,NA,NA,NED,NED,2024 Summer,2024,Summer,Paris,Sailing,"Sailing One-Person Dinghy (ILCA 7), Men",NA
1700389,Juan Ignacio Maegli,M,NA,NA,NA,GUA,GUA,2024 Summer,2024,Summer,Paris,Sailing,"Sailing One-Person Dinghy (ILCA 7), Men",NA
1700390,Žan-Luka Zelko,M,NA,NA,NA,SLO,SLO,2024 Summer,2024,Summer,Paris,Sailing,"Sailing One-Person Dinghy (ILCA 7), Men",NA
1700391,Vishnu Saravanan,M,NA,NA,NA,IND,IND,2024 Summer,2024,Summer,Paris,Sailing,"Sailing One-Person Dinghy (ILCA 7), Men",NA
1700392,Filip Jurišic,M,NA,NA,NA,CRO,CRO,2024 Summer,2024,Summer,Paris,Sailing,"Sailing One-Person Dinghy (ILCA 7), Men",NA
1700393,Enrique Arathoon,M,NA,NA,NA,ESA,ESA,2024 Summer,2024,Summer,Paris,Sailing,"Sailing One-Person Dinghy (ILCA 7), Men",NA
1700394,Joaquín Blanco,M,NA,NA,NA,ESP,ESP,2024 Summer,2024,Summer,Paris,Sailing,"Sailing One-Person Dinghy (ILCA 7), Men",NA
1700395,William De Smet,M,NA,NA,NA,BEL,BEL,2024 Summer,2024,Summer,Paris,Sailing,"Sailing One-Person Dinghy (ILCA 7), Men",NA
1700396,Yiğit Yalçın Çitak,M,NA,NA,NA,TUR,TUR,2024 Summer,2024,Summer,Paris,Sailing,"Sailing One-Person Dinghy (ILCA 7), Men",NA
1700397,Nicholas Halliday,M,NA,NA,NA,HKG,HKG,2024 Summer,2024,Summer,Paris,Sailing,"Sailing One-Person Dinghy (ILCA 7), Men",NA
1700398,Ryan Lo,M,NA,NA,NA,SGP,SGP,2024 Summer,2024,Summer,Paris,Sailing,"Sailing One-Person Dinghy (ILCA 7), Men",NA
1700399,Ha Ji-Min,M,NA,NA,NA,KOR,KOR,2024 Summer,2024,Summer,Paris,Sailing,"Sailing One-Person Dinghy (ILCA 7), Men",NA
1700400,Francisco Guaragna,M,NA,NA,NA,ARG,ARG,2024 Summer,2024,Summer,Paris,Sailing,"Sailing One-Person Dinghy (ILCA 7), Men",NA
1700401,Bruno Fontes,M,NA,NA,NA,BRA,BRA,2024 Summer,2024,Summer,Paris,Sailing,"Sailing One-Person Dinghy (ILCA 7), Men",NA
1700402,Luc Chevrier,M,NA,NA,NA,LCA,LCA,2024 Summer,2024,Summer,Paris,Sailing,"Sailing One-Person Dinghy (ILCA 7), Men",NA
1700403,Omer Vered Vilenchik,M,NA,NA,NA,ISR,ISR,2024 Summer,2024,Summer,Paris,Sailing,"Sailing One-Person Dinghy (ILCA 7), Men",NA
1700404,Karl-Martin Rammo,M,NA,NA,NA,EST,EST,2024 Summer,2024,Summer,Paris,Sailing,"Sailing One-Person Dinghy (ILCA 7), Men",NA
1700405,Khairulnizam Mohd Afendy,M,NA,NA,NA,MAS,MAS,2024 Summer,2024,Summer,Paris,Sailing,"Sailing One-Person Dinghy (ILCA 7), Men",NA
1700406,Just van Aanholt,M,NA,NA,NA,ARU,ARU,2024 Summer,2024,Summer,Paris,Sailing,"Sailing One-Person Dinghy (ILCA 7), Men",NA
1700407,Pedro Luis Fernández,M,NA,NA,NA,PUR,PUR,2024 Summer,2024,Summer,Paris,Sailing,"Sailing One-Person Dinghy (ILCA 7), Men",NA
1700408,Arthit Mikhail Romanyk,M,NA,NA,NA,THA,THA,2024 Summer,2024,Summer,Paris,Sailing,"Sailing One-Person Dinghy (ILCA 7), Men",NA
1700409,Johan Lundgaard Schubert,M,NA,NA,NA,DEN,DEN,2024 Summer,2024,Summer,Paris,Sailing,"Sailing One-Person Dinghy (ILCA 7), Men",NA
1700410,Kaarle Tapper,M,NA,NA,NA,FIN,FIN,2024 Summer,2024,Summer,Paris,Sailing,"Sailing One-Person Dinghy (ILCA 7), Men",NA
1700411,Thad Lettsome,M,NA,NA,NA,IVB,IVB,2024 Summer,2024,Summer,Paris,Sailing,"Sailing One-Person Dinghy (ILCA 7), Men",NA
1700412,Filipe André,M,NA,NA,NA,ANG,ANG,2024 Summer,2024,Summer,Paris,Sailing,"Sailing One-Person Dinghy (ILCA 7), Men",NA
1700413,Michał Krasodomski,M,NA,NA,NA,POL,POL,2024 Summer,2024,Summer,Paris,Sailing,"Sailing One-Person Dinghy (ILCA 7), Men",NA
1700414,Aly Nabil,M,NA,NA,NA,EGY,EGY,2024 Summer,2024,Summer,Paris,Sailing,"Sailing One-Person Dinghy (ILCA 7), Men",NA
1700415,Eroni Leilua,M,NA,NA,NA,SAM,SAM,2024 Summer,2024,Summer,Paris,Sailing,"Sailing One-Person Dinghy (ILCA 7), Men",NA
1700416,Viliame Ratulu,M,NA,NA,NA,FIJ,FIJ,2024 Summer,2024,Summer,Paris,Sailing,"Sailing One-Person Dinghy (ILCA 7), Men",NA
1700417,Diego Botín,M,NA,NA,NA,,,2024 Summer,2024,Summer,Paris,Sailing,"Sailing Skiff (49er), Men",NA
1700418,Florián Trittel,M,NA,NA,NA,,,2024 Summer,2024,Summer,Paris,Sailing,"Sailing Skiff (49er), Men",NA
1700419,Isaac McHardie,M,NA,NA,NA,,,2024 Summer,2024,Summer,Paris,Sailing,"Sailing Skiff (49er), Men",NA
1700420,William McKenzie,M,NA,NA,NA,,,2024 Summer,2024,Summer,Paris,Sailing,"Sailing Skiff (49er), Men",NA
1700421,Ian Barrows,M,NA,NA,NA,,,2024 Summer,2024,Summer,Paris,Sailing,"Sailing Skiff (49er), Men",NA
1700422,Hans Henken,M,NA,NA,NA,,,2024 Summer,2024,Summer,Paris,Sailing,"Sailing Skiff (49er), Men",NA
1700423,Robert Dickson,M,NA,NA,NA,,,2024 Summer,2024,Summer,Paris,Sailing,"Sailing Skiff (49er), Men",NA
1700424,Sean Waddilove,M,NA,NA,NA,,,2024 Summer,2024,Summer,Paris,Sailing,"Sailing Skiff (49er), Men",NA
1700425,Dominik Buksak,M,NA,NA,NA,,,2024 Summer,2024,Summer,Paris,Sailing,"Sailing Skiff (49er), Men",NA
1700426,Szymon Wierzbicki,M,NA,NA,NA,,,2024 Summer,2024,Summer,Paris,Sailing,"Sailing Skiff (49er), Men",NA
1700427,Bart Lambriex,M,NA,NA,NA,,,2024 Summer,2024,Summer,Paris,Sailing,"Sailing Skiff (49er), Men",NA
1700428,Floris van de Werken,M,NA,NA,NA,,,2024 Summer,2024,Summer,Paris,Sailing,"Sailing Skiff (49er), Men",NA
1700429,James Peters,M,NA,NA,NA,,,2024 Summer,2024,Summer,Paris,Sailing,"Sailing Skiff (49er), Men",NA
1700430,Fynn Sterritt,M,NA,NA,NA,,,2024 Summer,2024,Summer,Paris,Sailing,"Sailing Skiff (49er), Men",NA
1700431,Sébastien Schneiter,M,NA,NA,NA,,,2024 Summer,2024,Summer,Paris,Sailing,"Sailing Skiff (49er), Men",NA
1700432,Arno de Planta,M,NA,NA,NA,,,2024 Summer,2024,Summer,Paris,Sailing,"Sailing Skiff (49er), Men",NA
1700433,Šime Fantela,M,NA,NA,NA,,,2024 Summer,2024,Summer,Paris,Sailing,"Sailing Skiff (49er), Men",NA
1700434,Mihovil Fantela,M,NA,NA,NA,,,2024 Summer,2024,Summer,Paris,Sailing,"Sailing Skiff (49er), Men",NA
1700435,Hernán Umpierre,M,NA,NA,NA,,,2024 Summer,2024,Summer,Paris,Sailing,"Sailing Skiff (49er), Men",NA
1700436,Fernando Diz,M,NA,NA,NA,,,2024 Summer,2024,Summer,Paris,Sailing,"Sailing Skiff (49er), Men",NA
1700437,Jakob Meggendorfer,M,NA,NA,NA,,,2024 Summer,2024,Summer,Paris,Sailing,"Sailing Skiff (49er), Men",NA
1700438,Andreas Spranger,M,NA,NA,NA,,,2024 Summer,2024,Summer,Paris,Sailing,"Sailing Skiff (49er), Men",NA
1700439,Erwan Fischer,M,NA,NA,NA,,,2024 Summer,2024,Summer,Paris,Sailing,"Sailing Skiff (49er), Men",NA
1700440,Clément Péquin,M,NA,NA,NA,,,2024 Summer,2024,Summer,Paris,Sailing,"Sailing Skiff (49er), Men",NA
1700441,Wen Zaiding,M,NA,NA,NA,,,2024 Summer,2024,Summer,Paris,Sailing,"Sailing Skiff (49er), Men",NA
1700442,Liu Tian,M,NA,NA,NA,,,2024 Summer,2024,Summer,Paris,Sailing,"Sailing Skiff (49er), Men",NA
1700443,Benjamin Bildstein,M,NA,NA,NA,,,2024 Summer,2024,Summer,Paris,Sailing,"Sailing Skiff (49er), Men",NA
1700444,David Hussl,M,NA,NA,NA,,,2024 Summer,2024,Summer,Paris,Sailing,"Sailing Skiff (49er), Men",NA
1700445,Jim Colley,M,NA,NA,NA,,,2024 Summer,2024,Summer,Paris,Sailing,"Sailing Skiff (49er), Men",NA
1700446,Shaun Connor,M,NA,NA,NA,,,2024 Summer,2024,Summer,Paris,Sailing,"Sailing Skiff (49er), Men",NA
1700447,Yannick Lefèbvre,M,NA,NA,NA,,,2024 Summer,2024,Summer,Paris,Sailing,"Sailing Skiff (49er), Men",NA
1700448,Jan Heuninck,M,NA,NA,NA,,,2024 Summer,2024,Summer,Paris,Sailing,"Sailing Skiff (49er), Men",NA
1700449,Will Jones,M,NA,NA,NA,,,2024 Summer,2024,Summer,Paris,Sailing,"Sailing Skiff (49er), Men",NA
1700450,Justin Barnes,M,NA,NA,NA,,,2024 Summer,2024,Summer,Paris,Sailing,"Sailing Skiff (49er), Men",NA
1700451,Daniel Gunnar Nyborg,M,NA,NA,NA,,,2024 Summer,2024,Summer,Paris,Sailing,"Sailing Skiff (49er), Men",NA
1700452,Nikolaj Hoffmann Buhl,M,NA,NA,NA,,,2024 Summer,2024,Summer,Paris,Sailing,"Sailing Skiff (49er), Men",NA
1700453,Marco Grael,M,NA,NA,NA,,,2024 Summer,2024,Summer,Paris,Sailing,"Sailing Skiff (49er), Men",NA
1700454,Gabriel Simões,M,NA,NA,NA,,,2024 Summer,2024,Summer,Paris,Sailing,"Sailing Skiff (49er), Men",NA
1700455,Akira Luke Sakai,M,NA,NA,NA,,,2024 Summer,2024,Summer,Paris,Sailing,"Sailing Skiff (49er), Men",NA
1700456,Russell Williams Aylsworth,M,NA,NA,NA,,,2024 Summer,2024,Summer,Paris,Sailing,"Sailing Skiff (49er), Men",NA
1700457,Valentin Bontus,M,NA,NA,NA,AUT,AUT,2024 Summer,2024,Summer,Paris,Sailing,"Sailing Kiteboarding (Formula Kite), Men",Gold
1700458,Toni Vodišek,M,NA,NA,NA,SLO,SLO,2024 Summer,2024,Summer,Paris,Sailing,"Sailing Kiteboarding (Formula Kite), Men",Silver
1700459,Max Maeder,M,NA,NA,NA,SGP,SGP,2024 Summer,2024,Summer,Paris,Sailing,"Sailing Kiteboarding (Formula Kite), Men",Bronze
1700460,Riccardo Pianosi,M,NA,NA,NA,ITA,ITA,2024 Summer,2024,Summer,Paris,Sailing,"Sailing Kiteboarding (Formula Kite), Men",NA
1700461,Jannis Maus,M,NA,NA,NA,GER,GER,2024 Summer,2024,Summer,Paris,Sailing,"Sailing Kiteboarding (Formula Kite), Men",NA
1700462,Axel Mazella,M,NA,NA,NA,FRA,FRA,2024 Summer,2024,Summer,Paris,Sailing,"Sailing Kiteboarding (Formula Kite), Men",NA
1700463,Bruno Lobo,M,NA,NA,NA,BRA,BRA,2024 Summer,2024,Summer,Paris,Sailing,"Sailing Kiteboarding (Formula Kite), Men",NA
1700464,Connor Bainbridge,M,NA,NA,NA,GBR,GBR,2024 Summer,2024,Summer,Paris,Sailing,"Sailing Kiteboarding (Formula Kite), Men",NA
1700465,Markus Edegran,M,NA,NA,NA,USA,USA,2024 Summer,2024,Summer,Paris,Sailing,"Sailing Kiteboarding (Formula Kite), Men",NA
1700466,Huang Qibin,M,NA,NA,NA,CHN,CHN,2024 Summer,2024,Summer,Paris,Sailing,"Sailing Kiteboarding (Formula Kite), Men",NA
1700467,Kameron Maramenidis,M,NA,NA,NA,GRE,GRE,2024 Summer,2024,Summer,Paris,Sailing,"Sailing Kiteboarding (Formula Kite), Men",NA
1700468,Denis Taradin,M,NA,NA,NA,CYP,CYP,2024 Summer,2024,Summer,Paris,Sailing,"Sailing Kiteboarding (Formula Kite), Men",NA
1700469,Dor Zarka,M,NA,NA,NA,ISR,ISR,2024 Summer,2024,Summer,Paris,Sailing,"Sailing Kiteboarding (Formula Kite), Men",NA
1700470,Martin Dolenc,M,NA,NA,NA,CRO,CRO,2024 Summer,2024,Summer,Paris,Sailing,"Sailing Kiteboarding (Formula Kite), Men",NA
1700471,Lukas Walton-Keim,M,NA,NA,NA,NZL,NZL,2024 Summer,2024,Summer,Paris,Sailing,"Sailing Kiteboarding (Formula Kite), Men",NA
1700472,Maks Zakowski,M,NA,NA,NA,POL,POL,2024 Summer,2024,Summer,Paris,Sailing,"Sailing Kiteboarding (Formula Kite), Men",NA
1700473,Tiger Tyson,M,NA,NA,NA,ANT,ANT,2024 Summer,2024,Summer,Paris,Sailing,"Sailing Kiteboarding (Formula Kite), Men",NA
1700474,Joseph Jonathan Weston,M,NA,NA,NA,THA,THA,2024 Summer,2024,Summer,Paris,Sailing,"Sailing Kiteboarding (Formula Kite), Men",NA
1700475,Jean de Falbaire,M,NA,NA,NA,MRI,MRI,2024 Summer,2024,Summer,Paris,Sailing,"Sailing Kiteboarding (Formula Kite), Men",NA
1700476,Víctor Bolaños,M,NA,NA,NA,COL,COL,2024 Summer,2024,Summer,Paris,Sailing,"Sailing Kiteboarding (Formula Kite), Men",NA
1700477,Marta Maggetti,F,NA,NA,NA,ITA,ITA,2024 Summer,2024,Summer,Paris,Sailing,"Sailing Windsurfer (iQFOiL), Women",Gold
1700478,Sharon Kantor,F,NA,NA,NA,ISR,ISR,2024 Summer,2024,Summer,Paris,Sailing,"Sailing Windsurfer (iQFOiL), Women",Silver
1700479,Emma Wilson,F,NA,NA,NA,GBR,GBR,2024 Summer,2024,Summer,Paris,Sailing,"Sailing Windsurfer (iQFOiL), Women",Bronze
1700480,María Belén Bazo,F,NA,NA,NA,PER,PER,2024 Summer,2024,Summer,Paris,Sailing,"Sailing Windsurfer (iQFOiL), Women",NA
1700481,Yan Zheng,F,NA,NA,NA,CHN,CHN,2024 Summer,2024,Summer,Paris,Sailing,"Sailing Windsurfer (iQFOiL), Women",NA
1700482,Theresa Steinlein,F,NA,NA,NA,GER,GER,2024 Summer,2024,Summer,Paris,Sailing,"Sailing Windsurfer (iQFOiL), Women",NA
1700483,Hélène Noesmoen,F,NA,NA,NA,FRA,FRA,2024 Summer,2024,Summer,Paris,Sailing,"Sailing Windsurfer (iQFOiL), Women",NA
1700484,Maja Dziarnowska,F,NA,NA,NA,POL,POL,2024 Summer,2024,Summer,Paris,Sailing,"Sailing Windsurfer (iQFOiL), Women",NA
1700485,Kateřina Švíková,F,NA,NA,NA,CZE,CZE,2024 Summer,2024,Summer,Paris,Sailing,"Sailing Windsurfer (iQFOiL), Women",NA
1700486,Veerle Ten Have,F,NA,NA,NA,NZL,NZL,2024 Summer,2024,Summer,Paris,Sailing,"Sailing Windsurfer (iQFOiL), Women",NA
1700487,Mina Mobekk,F,NA,NA,NA,NOR,NOR,2024 Summer,2024,Summer,Paris,Sailing,"Sailing Windsurfer (iQFOiL), Women",NA
1700488,Palma Čargo,F,NA,NA,NA,CRO,CRO,2024 Summer,2024,Summer,Paris,Sailing,"Sailing Windsurfer (iQFOiL), Women",NA
1700489,Mariana Aguilar,F,NA,NA,NA,MEX,MEX,2024 Summer,2024,Summer,Paris,Sailing,"Sailing Windsurfer (iQFOiL), Women",NA
1700490,Ma Kwan Ching,F,NA,NA,NA,HKG,HKG,2024 Summer,2024,Summer,Paris,Sailing,"Sailing Windsurfer (iQFOiL), Women",NA
1700491,Pilar Lamadrid,F,NA,NA,NA,ESP,ESP,2024 Summer,2024,Summer,Paris,Sailing,"Sailing Windsurfer (iQFOiL), Women",NA
1700492,Sara Wennekes,F,NA,NA,NA,NED,NED,2024 Summer,2024,Summer,Paris,Sailing,"Sailing Windsurfer (iQFOiL), Women",NA
1700493,Ingrid Puusta,F,NA,NA,NA,EST,EST,2024 Summer,2024,Summer,Paris,Sailing,"Sailing Windsurfer (iQFOiL), Women",NA
1700494,Merve Vatan,F,NA,NA,NA,TUR,TUR,2024 Summer,2024,Summer,Paris,Sailing,"Sailing Windsurfer (iQFOiL), Women",NA
1700495,Natasa Lappa,F,NA,NA,NA,CYP,CYP,2024 Summer,2024,Summer,Paris,Sailing,"Sailing Windsurfer (iQFOiL), Women",NA
1700496,Johanna Hjertberg,F,NA,NA,NA,SWE,SWE,2024 Summer,2024,Summer,Paris,Sailing,"Sailing Windsurfer (iQFOiL), Women",NA
1700497,Lina Eržen,F,NA,NA,NA,SLO,SLO,2024 Summer,2024,Summer,Paris,Sailing,"Sailing Windsurfer (iQFOiL), Women",NA
1700498,Dominique Stater,F,NA,NA,NA,USA,USA,2024 Summer,2024,Summer,Paris,Sailing,"Sailing Windsurfer (iQFOiL), Women",NA
1700499,Lorena Abicht,F,NA,NA,NA,AUT,AUT,2024 Summer,2024,Summer,Paris,Sailing,"Sailing Windsurfer (iQFOiL), Women",NA
1700500,Chiara Ferretti,F,NA,NA,NA,ARG,ARG,2024 Summer,2024,Summer,Paris,Sailing,"Sailing Windsurfer (iQFOiL), Women",NA
1700501,Marit Bouwmeester,F,NA,NA,NA,NED,NED,2024 Summer,2024,Summer,Paris,Sailing,"Sailing One-Person Dinghy (ILCA 6), Women",Gold
1700502,Anne-Marie Rindom,F,NA,NA,NA,DEN,DEN,2024 Summer,2024,Summer,Paris,Sailing,"Sailing One-Person Dinghy (ILCA 6), Women",Silver
1700503,Line Høst,F,NA,NA,NA,NOR,NOR,2024 Summer,2024,Summer,Paris,Sailing,"Sailing One-Person Dinghy (ILCA 6), Women",Bronze
1700504,Maud Jayet,F,NA,NA,NA,SUI,SUI,2024 Summer,2024,Summer,Paris,Sailing,"Sailing One-Person Dinghy (ILCA 6), Women",NA
1700505,Chiara Benini Floriani,F,NA,NA,NA,ITA,ITA,2024 Summer,2024,Summer,Paris,Sailing,"Sailing One-Person Dinghy (ILCA 6), Women",NA
1700506,Yelena Vorobeva,F,NA,NA,NA,CRO,CRO,2024 Summer,2024,Summer,Paris,Sailing,"Sailing One-Person Dinghy (ILCA 6), Women",NA
1700507,Emma Plasschaert,F,NA,NA,NA,BEL,BEL,2024 Summer,2024,Summer,Paris,Sailing,"Sailing One-Person Dinghy (ILCA 6), Women",NA
1700508,Sarah Douglas,F,NA,NA,NA,CAN,CAN,2024 Summer,2024,Summer,Paris,Sailing,"Sailing One-Person Dinghy (ILCA 6), Women",NA
1700509,Erika Reineke,F,NA,NA,NA,USA,USA,2024 Summer,2024,Summer,Paris,Sailing,"Sailing One-Person Dinghy (ILCA 6), Women",NA
1700510,Louise Cervera,F,NA,NA,NA,FRA,FRA,2024 Summer,2024,Summer,Paris,Sailing,"Sailing One-Person Dinghy (ILCA 6), Women",NA
1700511,Lucía Falasca,F,NA,NA,NA,ARG,ARG,2024 Summer,2024,Summer,Paris,Sailing,"Sailing One-Person Dinghy (ILCA 6), Women",NA
1700512,Hannah Snellgrove,F,NA,NA,NA,GBR,GBR,2024 Summer,2024,Summer,Paris,Sailing,"Sailing One-Person Dinghy (ILCA 6), Women",NA
1700513,Eve McMahon,F,NA,NA,NA,IRL,IRL,2024 Summer,2024,Summer,Paris,Sailing,"Sailing One-Person Dinghy (ILCA 6), Women",NA
1700514,Mária Érdi,F,NA,NA,NA,HUN,HUN,2024 Summer,2024,Summer,Paris,Sailing,"Sailing One-Person Dinghy (ILCA 6), Women",NA
1700515,Agata Barwińska,F,NA,NA,NA,POL,POL,2024 Summer,2024,Summer,Paris,Sailing,"Sailing One-Person Dinghy (ILCA 6), Women",NA
1700516,Monika Mikkola,F,NA,NA,NA,FIN,FIN,2024 Summer,2024,Summer,Paris,Sailing,"Sailing One-Person Dinghy (ILCA 6), Women",NA
1700517,Josefin Olsson,F,NA,NA,NA,SWE,SWE,2024 Summer,2024,Summer,Paris,Sailing,"Sailing One-Person Dinghy (ILCA 6), Women",NA
1700518,Ecem Güzel,F,NA,NA,NA,TUR,TUR,2024 Summer,2024,Summer,Paris,Sailing,"Sailing One-Person Dinghy (ILCA 6), Women",NA
1700519,Gu Min,F,NA,NA,NA,CHN,CHN,2024 Summer,2024,Summer,Paris,Sailing,"Sailing One-Person Dinghy (ILCA 6), Women",NA
1700520,Zoe Thomson,F,NA,NA,NA,AUS,AUS,2024 Summer,2024,Summer,Paris,Sailing,"Sailing One-Person Dinghy (ILCA 6), Women",NA
1700521,Nethra Kumanan,F,NA,NA,NA,IND,IND,2024 Summer,2024,Summer,Paris,Sailing,"Sailing One-Person Dinghy (ILCA 6), Women",NA
1700522,Dolores Moreira,F,NA,NA,NA,URU,URU,2024 Summer,2024,Summer,Paris,Sailing,"Sailing One-Person Dinghy (ILCA 6), Women",NA
1700523,Ebru Bolat,F,NA,NA,NA,ROU,ROU,2024 Summer,2024,Summer,Paris,Sailing,"Sailing One-Person Dinghy (ILCA 6), Women",NA
1700524,Shay Kakon,F,NA,NA,NA,ISR,ISR,2024 Summer,2024,Summer,Paris,Sailing,"Sailing One-Person Dinghy (ILCA 6), Women",NA
1700525,Julia Büsselberg,F,NA,NA,NA,GER,GER,2024 Summer,2024,Summer,Paris,Sailing,"Sailing One-Person Dinghy (ILCA 6), Women",NA
1700526,Elena Oetling,F,NA,NA,NA,MEX,MEX,2024 Summer,2024,Summer,Paris,Sailing,"Sailing One-Person Dinghy (ILCA 6), Women",NA
1700527,Sophia Montgomery,F,NA,NA,NA,THA,THA,2024 Summer,2024,Summer,Paris,Sailing,"Sailing One-Person Dinghy (ILCA 6), Women",NA
1700528,Lin Pletikos,F,NA,NA,NA,SLO,SLO,2024 Summer,2024,Summer,Paris,Sailing,"Sailing One-Person Dinghy (ILCA 6), Women",NA
1700529,Ana Moncada,F,NA,NA,NA,ESP,ESP,2024 Summer,2024,Summer,Paris,Sailing,"Sailing One-Person Dinghy (ILCA 6), Women",NA
1700530,Marilena Makri,F,NA,NA,NA,CYP,CYP,2024 Summer,2024,Summer,Paris,Sailing,"Sailing One-Person Dinghy (ILCA 6), Women",NA
1700531,Viktorija Andrulytė,F,NA,NA,NA,LTU,LTU,2024 Summer,2024,Summer,Paris,Sailing,"Sailing One-Person Dinghy (ILCA 6), Women",NA
1700532,Florencia Chiarella,F,NA,NA,NA,PER,PER,2024 Summer,2024,Summer,Paris,Sailing,"Sailing One-Person Dinghy (ILCA 6), Women",NA
1700533,Gabriella Kidd,F,NA,NA,NA,BRA,BRA,2024 Summer,2024,Summer,Paris,Sailing,"Sailing One-Person Dinghy (ILCA 6), Women",NA
1700534,Greta Pilkington,F,NA,NA,NA,NZL,NZL,2024 Summer,2024,Summer,Paris,Sailing,"Sailing One-Person Dinghy (ILCA 6), Women",NA
1700535,Shazrin Latif,F,NA,NA,NA,MAS,MAS,2024 Summer,2024,Summer,Paris,Sailing,"Sailing One-Person Dinghy (ILCA 6), Women",NA
1700536,Adriana Penruddocke,F,NA,NA,NA,BER,BER,2024 Summer,2024,Summer,Paris,Sailing,"Sailing One-Person Dinghy (ILCA 6), Women",NA
1700537,Sophia Morgan,F,NA,NA,NA,FIJ,FIJ,2024 Summer,2024,Summer,Paris,Sailing,"Sailing One-Person Dinghy (ILCA 6), Women",NA
1700538,María José Poncell,F,NA,NA,NA,CHI,CHI,2024 Summer,2024,Summer,Paris,Sailing,"Sailing One-Person Dinghy (ILCA 6), Women",NA
1700539,Khouloud Mansy,F,NA,NA,NA,EGY,EGY,2024 Summer,2024,Summer,Paris,Sailing,"Sailing One-Person Dinghy (ILCA 6), Women",NA
1700540,Deizy Nhaquile,F,NA,NA,NA,MOZ,MOZ,2024 Summer,2024,Summer,Paris,Sailing,"Sailing One-Person Dinghy (ILCA 6), Women",NA
1700541,Charlotte Webster,F,NA,NA,NA,CAY,CAY,2024 Summer,2024,Summer,Paris,Sailing,"Sailing One-Person Dinghy (ILCA 6), Women",NA
1700542,Ameena Shah,F,NA,NA,NA,KUW,KUW,2024 Summer,2024,Summer,Paris,Sailing,"Sailing One-Person Dinghy (ILCA 6), Women",NA
1700543,Vaimo'oi'a Ripley,F,NA,NA,NA,SAM,SAM,2024 Summer,2024,Summer,Paris,Sailing,"Sailing One-Person Dinghy (ILCA 6), Women",NA
1700544,Odile van Aanholt,F,NA,NA,NA,,,2024 Summer,2024,Summer,Paris,Sailing,"Sailing Skiff (49er FX), Women",NA
1700545,Annette Duetz,F,NA,NA,NA,,,2024 Summer,2024,Summer,Paris,Sailing,"Sailing Skiff (49er FX), Women",NA
1700546,Vilma Bobeck,F,NA,NA,NA,,,2024 Summer,2024,Summer,Paris,Sailing,"Sailing Skiff (49er FX), Women",NA
1700547,Rebecca Netzler,F,NA,NA,NA,,,2024 Summer,2024,Summer,Paris,Sailing,"Sailing Skiff (49er FX), Women",NA
1700548,Sarah Steyaert,F,NA,NA,NA,,,2024 Summer,2024,Summer,Paris,Sailing,"Sailing Skiff (49er FX), Women",NA
1700549,Charline Picon,F,NA,NA,NA,,,2024 Summer,2024,Summer,Paris,Sailing,"Sailing Skiff (49er FX), Women",NA
1700550,Helene Næss,F,NA,NA,NA,,,2024 Summer,2024,Summer,Paris,Sailing,"Sailing Skiff (49er FX), Women",NA
1700551,Marie Rønningen,F,NA,NA,NA,,,2024 Summer,2024,Summer,Paris,Sailing,"Sailing Skiff (49er FX), Women",NA
1700552,Jana Germani,F,NA,NA,NA,,,2024 Summer,2024,Summer,Paris,Sailing,"Sailing Skiff (49er FX), Women",NA
1700553,Giorgia Bertuzzi,F,NA,NA,NA,,,2024 Summer,2024,Summer,Paris,Sailing,"Sailing Skiff (49er FX), Women",NA
1700554,Marla Bergmann,F,NA,NA,NA,,,2024 Summer,2024,Summer,Paris,Sailing,"Sailing Skiff (49er FX), Women",NA
1700555,Hanna Wille,F,NA,NA,NA,,,2024 Summer,2024,Summer,Paris,Sailing,"Sailing Skiff (49er FX), Women",NA
1700556,Jo Aleh,F,NA,NA,NA,,,2024 Summer,2024,Summer,Paris,Sailing,"Sailing Skiff (49er FX), Women",NA
1700557,Molly Meech,F,NA,NA,NA,,,2024 Summer,2024,Summer,Paris,Sailing,"Sailing Skiff (49er FX), Women",NA
1700558,Martine Grael,F,NA,NA,NA,,,2024 Summer,2024,Summer,Paris,Sailing,"Sailing Skiff (49er FX), Women",NA
1700559,Kahena Kunze,F,NA,NA,NA,,,2024 Summer,2024,Summer,Paris,Sailing,"Sailing Skiff (49er FX), Women",NA
1700560,Olivia Price,F,NA,NA,NA,,,2024 Summer,2024,Summer,Paris,Sailing,"Sailing Skiff (49er FX), Women",NA
1700561,Evie Haseldine,F,NA,NA,NA,,,2024 Summer,2024,Summer,Paris,Sailing,"Sailing Skiff (49er FX), Women",NA
1700562,Stephanie Roble,F,NA,NA,NA,,,2024 Summer,2024,Summer,Paris,Sailing,"Sailing Skiff (49er FX), Women",NA
1700563,Maggie Shea,F,NA,NA,NA,,,2024 Summer,2024,Summer,Paris,Sailing,"Sailing Skiff (49er FX), Women",NA
1700564,Antonia Lewin-LaFrance,F,NA,NA,NA,,,2024 Summer,2024,Summer,Paris,Sailing,"Sailing Skiff (49er FX), Women",NA
1700565,Georgia Lewin-LaFrance,F,NA,NA,NA,,,2024 Summer,2024,Summer,Paris,Sailing,"Sailing Skiff (49er FX), Women",NA
1700566,Támara Echegoyen,F,NA,NA,NA,,,2024 Summer,2024,Summer,Paris,Sailing,"Sailing Skiff (49er FX), Women",NA
1700567,Paula Barceló,F,NA,NA,NA,,,2024 Summer,2024,Summer,Paris,Sailing,"Sailing Skiff (49er FX), Women",NA
1700568,Johanne Schmidt,F,NA,NA,NA,,,2024 Summer,2024,Summer,Paris,Sailing,"Sailing Skiff (49er FX), Women",NA
1700569,Andrea Schmidt,F,NA,NA,NA,,,2024 Summer,2024,Summer,Paris,Sailing,"Sailing Skiff (49er FX), Women",NA
1700570,Isaura Maenhaut,F,NA,NA,NA,,,2024 Summer,2024,Summer,Paris,Sailing,"Sailing Skiff (49er FX), Women",NA
1700571,Anouk Geurts,F,NA,NA,NA,,,2024 Summer,2024,Summer,Paris,Sailing,"Sailing Skiff (49er FX), Women",NA
1700572,Ronja Grönblom,F,NA,NA,NA,,,2024 Summer,2024,Summer,Paris,Sailing,"Sailing Skiff (49er FX), Women",NA
1700573,Veera Hokka,F,NA,NA,NA,,,2024 Summer,2024,Summer,Paris,Sailing,"Sailing Skiff (49er FX), Women",NA
1700574,Freya Black,F,NA,NA,NA,,,2024 Summer,2024,Summer,Paris,Sailing,"Sailing Skiff (49er FX), Women",NA
1700575,Saskia Tidey,F,NA,NA,NA,,,2024 Summer,2024,Summer,Paris,Sailing,"Sailing Skiff (49er FX), Women",NA
1700576,Misaki Tanaka,F,NA,NA,NA,,,2024 Summer,2024,Summer,Paris,Sailing,"Sailing Skiff (49er FX), Women",NA
1700577,Sera Nagamatsu,F,NA,NA,NA,,,2024 Summer,2024,Summer,Paris,Sailing,"Sailing Skiff (49er FX), Women",NA
1700578,Aleksandra Melzacka,F,NA,NA,NA,,,2024 Summer,2024,Summer,Paris,Sailing,"Sailing Skiff (49er FX), Women",NA
1700579,Sandra Jankowiak,F,NA,NA,NA,,,2024 Summer,2024,Summer,Paris,Sailing,"Sailing Skiff (49er FX), Women",NA
1700580,Zofia Burska,F,NA,NA,NA,,,2024 Summer,2024,Summer,Paris,Sailing,"Sailing Skiff (49er FX), Women",NA
1700581,Sara Tkadlecová,F,NA,NA,NA,,,2024 Summer,2024,Summer,Paris,Sailing,"Sailing Skiff (49er FX), Women",NA
1700582,Hu Xiaoyu,F,NA,NA,NA,,,2024 Summer,2024,Summer,Paris,Sailing,"Sailing Skiff (49er FX), Women",NA
1700583,Shan Mengyuan,F,NA,NA,NA,,,2024 Summer,2024,Summer,Paris,Sailing,"Sailing Skiff (49er FX), Women",NA
1700584,Ellie Aldridge,F,NA,NA,NA,GBR,GBR,2024 Summer,2024,Summer,Paris,Sailing,"Sailing Kiteboarding (Formula Kite), Women",Gold
1700585,Lauriane Nolot,F,NA,NA,NA,FRA,FRA,2024 Summer,2024,Summer,Paris,Sailing,"Sailing Kiteboarding (Formula Kite), Women",Silver
1700586,Annelous Lammerts,F,NA,NA,NA,NED,NED,2024 Summer,2024,Summer,Paris,Sailing,"Sailing Kiteboarding (Formula Kite), Women",Bronze
1700587,Daniela Moroz,F,NA,NA,NA,USA,USA,2024 Summer,2024,Summer,Paris,Sailing,"Sailing Kiteboarding (Formula Kite), Women",NA
1700588,Leonie Meyer,F,NA,NA,NA,GER,GER,2024 Summer,2024,Summer,Paris,Sailing,"Sailing Kiteboarding (Formula Kite), Women",NA
1700589,Elena Lengwiler,F,NA,NA,NA,SUI,SUI,2024 Summer,2024,Summer,Paris,Sailing,"Sailing Kiteboarding (Formula Kite), Women",NA
1700590,Julia Damasiewicz,F,NA,NA,NA,POL,POL,2024 Summer,2024,Summer,Paris,Sailing,"Sailing Kiteboarding (Formula Kite), Women",NA
1700591,Gal Zukerman,F,NA,NA,NA,ISR,ISR,2024 Summer,2024,Summer,Paris,Sailing,"Sailing Kiteboarding (Formula Kite), Women",NA
1700592,Breiana Whitehead,F,NA,NA,NA,AUS,AUS,2024 Summer,2024,Summer,Paris,Sailing,"Sailing Kiteboarding (Formula Kite), Women",NA
1700593,Maggie Pescetto,F,NA,NA,NA,ITA,ITA,2024 Summer,2024,Summer,Paris,Sailing,"Sailing Kiteboarding (Formula Kite), Women",NA
1700594,Alina Kornelli,F,NA,NA,NA,AUT,AUT,2024 Summer,2024,Summer,Paris,Sailing,"Sailing Kiteboarding (Formula Kite), Women",NA
1700595,Gisela Pulido,F,NA,NA,NA,ESP,ESP,2024 Summer,2024,Summer,Paris,Sailing,"Sailing Kiteboarding (Formula Kite), Women",NA
1700596,Catalina Turienzo,F,NA,NA,NA,ARG,ARG,2024 Summer,2024,Summer,Paris,Sailing,"Sailing Kiteboarding (Formula Kite), Women",NA
1700597,Mafalda Pires de Lima,F,NA,NA,NA,POR,POR,2024 Summer,2024,Summer,Paris,Sailing,"Sailing Kiteboarding (Formula Kite), Women",NA
1700598,Chen Jingyue,F,NA,NA,NA,CHN,CHN,2024 Summer,2024,Summer,Paris,Sailing,"Sailing Kiteboarding (Formula Kite), Women",NA
1700599,Derin Atakan,F,NA,NA,NA,TUR,TUR,2024 Summer,2024,Summer,Paris,Sailing,"Sailing Kiteboarding (Formula Kite), Women",NA
1700600,Justina Kitchen,F,NA,NA,NA,NZL,NZL,2024 Summer,2024,Summer,Paris,Sailing,"Sailing Kiteboarding (Formula Kite), Women",NA
1700601,Emily Bugeja,F,NA,NA,NA,CAN,CAN,2024 Summer,2024,Summer,Paris,Sailing,"Sailing Kiteboarding (Formula Kite), Women",NA
1700602,Benyapa Jantawan,F,NA,NA,NA,THA,THA,2024 Summer,2024,Summer,Paris,Sailing,"Sailing Kiteboarding (Formula Kite), Women",NA
1700603,Julie Paturau,F,NA,NA,NA,MRI,MRI,2024 Summer,2024,Summer,Paris,Sailing,"Sailing Kiteboarding (Formula Kite), Women",NA
1700604,Ruggero Tita,M,NA,NA,NA,,,2024 Summer,2024,Summer,Paris,Sailing,"Sailing Multihull (Nacra 17), Mixed",NA
1700605,Caterina Banti,M,NA,NA,NA,,,2024 Summer,2024,Summer,Paris,Sailing,"Sailing Multihull (Nacra 17), Mixed",NA
1700606,Mateo Majdalani,M,NA,NA,NA,,,2024 Summer,2024,Summer,Paris,Sailing,"Sailing Multihull (Nacra 17), Mixed",NA
1700607,Eugenia Bosco,M,NA,NA,NA,,,2024 Summer,2024,Summer,Paris,Sailing,"Sailing Multihull (Nacra 17), Mixed",NA
1700608,Micah Wilkinson,M,NA,NA,NA,,,2024 Summer,2024,Summer,Paris,Sailing,"Sailing Multihull (Nacra 17), Mixed",NA
1700609,Erica Dawson,M,NA,NA,NA,,,2024 Summer,2024,Summer,Paris,Sailing,"Sailing Multihull (Nacra 17), Mixed",NA
1700610,John Gimson,M,NA,NA,NA,,,2024 Summer,2024,Summer,Paris,Sailing,"Sailing Multihull (Nacra 17), Mixed",NA
1700611,Anna Burnet,M,NA,NA,NA,,,2024 Summer,2024,Summer,Paris,Sailing,"Sailing Multihull (Nacra 17), Mixed",NA
1700612,Tim Mourniac,M,NA,NA,NA,,,2024 Summer,2024,Summer,Paris,Sailing,"Sailing Multihull (Nacra 17), Mixed",NA
1700613,Lou Berthomieu,M,NA,NA,NA,,,2024 Summer,2024,Summer,Paris,Sailing,"Sailing Multihull (Nacra 17), Mixed",NA
1700614,Laila van der Meer,M,NA,NA,NA,,,2024 Summer,2024,Summer,Paris,Sailing,"Sailing Multihull (Nacra 17), Mixed",NA
1700615,Bjarne Bouwer,M,NA,NA,NA,,,2024 Summer,2024,Summer,Paris,Sailing,"Sailing Multihull (Nacra 17), Mixed",NA
1700616,Sinem Kurtbay,M,NA,NA,NA,,,2024 Summer,2024,Summer,Paris,Sailing,"Sailing Multihull (Nacra 17), Mixed",NA
1700617,Akseli Keskinen,M,NA,NA,NA,,,2024 Summer,2024,Summer,Paris,Sailing,"Sailing Multihull (Nacra 17), Mixed",NA
1700618,Paul Kohlhoff,M,NA,NA,NA,,,2024 Summer,2024,Summer,Paris,Sailing,"Sailing Multihull (Nacra 17), Mixed",NA
1700619,Alica Stuhlemmer,M,NA,NA,NA,,,2024 Summer,2024,Summer,Paris,Sailing,"Sailing Multihull (Nacra 17), Mixed",NA
1700620,João Siemsen,M,NA,NA,NA,,,2024 Summer,2024,Summer,Paris,Sailing,"Sailing Multihull (Nacra 17), Mixed",NA
1700621,Marina Arndt,M,NA,NA,NA,,,2024 Summer,2024,Summer,Paris,Sailing,"Sailing Multihull (Nacra 17), Mixed",NA
1700622,Emil Järudd,M,NA,NA,NA,,,2024 Summer,2024,Summer,Paris,Sailing,"Sailing Multihull (Nacra 17), Mixed",NA
1700623,Hanna Jonsson,M,NA,NA,NA,,,2024 Summer,2024,Summer,Paris,Sailing,"Sailing Multihull (Nacra 17), Mixed",NA
1700624,Tara Pacheco,M,NA,NA,NA,,,2024 Summer,2024,Summer,Paris,Sailing,"Sailing Multihull (Nacra 17), Mixed",NA
1700625,Andrés Barrio,M,NA,NA,NA,,,2024 Summer,2024,Summer,Paris,Sailing,"Sailing Multihull (Nacra 17), Mixed",NA
1700626,Natacha Saouma-Pedersen,M,NA,NA,NA,,,2024 Summer,2024,Summer,Paris,Sailing,"Sailing Multihull (Nacra 17), Mixed",NA
1700627,Mathias Bruun Borreskov,M,NA,NA,NA,,,2024 Summer,2024,Summer,Paris,Sailing,"Sailing Multihull (Nacra 17), Mixed",NA
1700628,Brin Liddell,M,NA,NA,NA,,,2024 Summer,2024,Summer,Paris,Sailing,"Sailing Multihull (Nacra 17), Mixed",NA
1700629,Rhiannan Brown,M,NA,NA,NA,,,2024 Summer,2024,Summer,Paris,Sailing,"Sailing Multihull (Nacra 17), Mixed",NA
1700630,Mai Huicong,M,NA,NA,NA,,,2024 Summer,2024,Summer,Paris,Sailing,"Sailing Multihull (Nacra 17), Mixed",NA
1700631,Chen Linlin,M,NA,NA,NA,,,2024 Summer,2024,Summer,Paris,Sailing,"Sailing Multihull (Nacra 17), Mixed",NA
1700632,Lukas Haberl,M,NA,NA,NA,,,2024 Summer,2024,Summer,Paris,Sailing,"Sailing Multihull (Nacra 17), Mixed",NA
1700633,Tanja Frank,M,NA,NA,NA,,,2024 Summer,2024,Summer,Paris,Sailing,"Sailing Multihull (Nacra 17), Mixed",NA
1700634,Sarah Newberry-Moore,M,NA,NA,NA,,,2024 Summer,2024,Summer,Paris,Sailing,"Sailing Multihull (Nacra 17), Mixed",NA
1700635,David Liebenberg,M,NA,NA,NA,,,2024 Summer,2024,Summer,Paris,Sailing,"Sailing Multihull (Nacra 17), Mixed",NA
1700636,Shibuki Iitsuka,M,NA,NA,NA,,,2024 Summer,2024,Summer,Paris,Sailing,"Sailing Multihull (Nacra 17), Mixed",NA
1700637,Nishida Oura,M,NA,NA,NA,,,2024 Summer,2024,Summer,Paris,Sailing,"Sailing Multihull (Nacra 17), Mixed",NA
1700638,Alican Kaynar,M,NA,NA,NA,,,2024 Summer,2024,Summer,Paris,Sailing,"Sailing Multihull (Nacra 17), Mixed",NA
1700639,Beste Kaynakçı,M,NA,NA,NA,,,2024 Summer,2024,Summer,Paris,Sailing,"Sailing Multihull (Nacra 17), Mixed",NA
1700640,Lucas Claeyssens,M,NA,NA,NA,,,2024 Summer,2024,Summer,Paris,Sailing,"Sailing Multihull (Nacra 17), Mixed",NA
1700641,Eline Verstraelen,M,NA,NA,NA,,,2024 Summer,2024,Summer,Paris,Sailing,"Sailing Multihull (Nacra 17), Mixed",NA
1700642,Lara Vadlau,M,NA,NA,NA,,,2024 Summer,2024,Summer,Paris,Sailing,"Sailing Two-Person Dinghy (470), Mixed",NA
1700643,Lukas Mähr,M,NA,NA,NA,,,2024 Summer,2024,Summer,Paris,Sailing,"Sailing Two-Person Dinghy (470), Mixed",NA
1700644,Keiju Okada,M,NA,NA,NA,,,2024 Summer,2024,Summer,Paris,Sailing,"Sailing Two-Person Dinghy (470), Mixed",NA
1700645,Miho Yoshioka,M,NA,NA,NA,,,2024 Summer,2024,Summer,Paris,Sailing,"Sailing Two-Person Dinghy (470), Mixed",NA
1700646,Anton Dahlberg,M,NA,NA,NA,,,2024 Summer,2024,Summer,Paris,Sailing,"Sailing Two-Person Dinghy (470), Mixed",NA
1700647,Lovisa Karlsson,M,NA,NA,NA,,,2024 Summer,2024,Summer,Paris,Sailing,"Sailing Two-Person Dinghy (470), Mixed",NA
1700648,Jordi Xammar,M,NA,NA,NA,,,2024 Summer,2024,Summer,Paris,Sailing,"Sailing Two-Person Dinghy (470), Mixed",NA
1700649,Nora Brugman,M,NA,NA,NA,,,2024 Summer,2024,Summer,Paris,Sailing,"Sailing Two-Person Dinghy (470), Mixed",NA
1700650,Diogo Costa,M,NA,NA,NA,,,2024 Summer,2024,Summer,Paris,Sailing,"Sailing Two-Person Dinghy (470), Mixed",NA
1700651,Carolina João,M,NA,NA,NA,,,2024 Summer,2024,Summer,Paris,Sailing,"Sailing Two-Person Dinghy (470), Mixed",NA
1700652,Camille Lecointre,M,NA,NA,NA,,,2024 Summer,2024,Summer,Paris,Sailing,"Sailing Two-Person Dinghy (470), Mixed",NA
1700653,Jérémie Mion,M,NA,NA,NA,,,2024 Summer,2024,Summer,Paris,Sailing,"Sailing Two-Person Dinghy (470), Mixed",NA
1700654,Nitai Hasson,M,NA,NA,NA,,,2024 Summer,2024,Summer,Paris,Sailing,"Sailing Two-Person Dinghy (470), Mixed",NA
1700655,Noa Lasry,M,NA,NA,NA,,,2024 Summer,2024,Summer,Paris,Sailing,"Sailing Two-Person Dinghy (470), Mixed",NA
1700656,Yves Mermod,M,NA,NA,NA,,,2024 Summer,2024,Summer,Paris,Sailing,"Sailing Two-Person Dinghy (470), Mixed",NA
1700657,Maja Siegenthaler,M,NA,NA,NA,,,2024 Summer,2024,Summer,Paris,Sailing,"Sailing Two-Person Dinghy (470), Mixed",NA
1700658,Nia Jerwood,M,NA,NA,NA,,,2024 Summer,2024,Summer,Paris,Sailing,"Sailing Two-Person Dinghy (470), Mixed",NA
1700659,Conor Nicholas,M,NA,NA,NA,,,2024 Summer,2024,Summer,Paris,Sailing,"Sailing Two-Person Dinghy (470), Mixed",NA
1700660,Henrique Haddad,M,NA,NA,NA,,,2024 Summer,2024,Summer,Paris,Sailing,"Sailing Two-Person Dinghy (470), Mixed",NA
1700661,Isabel Swan,M,NA,NA,NA,,,2024 Summer,2024,Summer,Paris,Sailing,"Sailing Two-Person Dinghy (470), Mixed",NA
1700662,Vita Heathcote,M,NA,NA,NA,,,2024 Summer,2024,Summer,Paris,Sailing,"Sailing Two-Person Dinghy (470), Mixed",NA
1700663,Chris Grube,M,NA,NA,NA,,,2024 Summer,2024,Summer,Paris,Sailing,"Sailing Two-Person Dinghy (470), Mixed",NA
1700664,Ariadne Paraskevi Spanaki,M,NA,NA,NA,,,2024 Summer,2024,Summer,Paris,Sailing,"Sailing Two-Person Dinghy (470), Mixed",NA
1700665,Odysseas Spanakis,M,NA,NA,NA,,,2024 Summer,2024,Summer,Paris,Sailing,"Sailing Two-Person Dinghy (470), Mixed",NA
1700666,Stu McNay,M,NA,NA,NA,,,2024 Summer,2024,Summer,Paris,Sailing,"Sailing Two-Person Dinghy (470), Mixed",NA
1700667,Lara Dallman-Weiss,M,NA,NA,NA,,,2024 Summer,2024,Summer,Paris,Sailing,"Sailing Two-Person Dinghy (470), Mixed",NA
1700668,Simon Diesch,M,NA,NA,NA,,,2024 Summer,2024,Summer,Paris,Sailing,"Sailing Two-Person Dinghy (470), Mixed",NA
1700669,Anna Markfort,M,NA,NA,NA,,,2024 Summer,2024,Summer,Paris,Sailing,"Sailing Two-Person Dinghy (470), Mixed",NA
1700670,Elena Berta,M,NA,NA,NA,,,2024 Summer,2024,Summer,Paris,Sailing,"Sailing Two-Person Dinghy (470), Mixed",NA
1700671,Bruno Festo,M,NA,NA,NA,,,2024 Summer,2024,Summer,Paris,Sailing,"Sailing Two-Person Dinghy (470), Mixed",NA
1700672,Deniz Çınar,M,NA,NA,NA,,,2024 Summer,2024,Summer,Paris,Sailing,"Sailing Two-Person Dinghy (470), Mixed",NA
1700673,Lara Nalbantoğlu,M,NA,NA,NA,,,2024 Summer,2024,Summer,Paris,Sailing,"Sailing Two-Person Dinghy (470), Mixed",NA
1700674,Xu Zangjun,M,NA,NA,NA,,,2024 Summer,2024,Summer,Paris,Sailing,"Sailing Two-Person Dinghy (470), Mixed",NA
1700675,Lv Yixiao,M,NA,NA,NA,,,2024 Summer,2024,Summer,Paris,Sailing,"Sailing Two-Person Dinghy (470), Mixed",NA
1700676,Tina Mrak,M,NA,NA,NA,,,2024 Summer,2024,Summer,Paris,Sailing,"Sailing Two-Person Dinghy (470), Mixed",NA
1700677,Jakob Božič,M,NA,NA,NA,,,2024 Summer,2024,Summer,Paris,Sailing,"Sailing Two-Person Dinghy (470), Mixed",NA
1700678,Matias Montinho,M,NA,NA,NA,,,2024 Summer,2024,Summer,Paris,Sailing,"Sailing Two-Person Dinghy (470), Mixed",NA
1700679,Manuela Paulo,M,NA,NA,NA,,,2024 Summer,2024,Summer,Paris,Sailing,"Sailing Two-Person Dinghy (470), Mixed",NA
